neighbourhood,neighbourhood_group,lat,long,construction_year
Kingsbridge,Bronx,40.87207,-73.90193,2009
Woodlawn,Bronx,40.89747,-73.8639,2010
Concourse Village,Bronx,40.82802,-73.92039,2021
Concourse,Bronx,40.83001,-73.92158,2006
Kingsbridge,Bronx,40.8679,-73.90023,2013
Wakefield,Bronx,40.89557,-73.8447,2010
Spuyten Duyvil,Bronx,40.87991,-73.91673,2016
Mott Haven,Bronx,40.81128,-73.92399,2005
Longwood,Bronx,40.81611,-73.89909,2022
Allerton,Bronx,40.8687,-73.8524,2022
Morris Heights,Bronx,40.84937,-73.91328,2013
Concourse,Bronx,40.82822,-73.92439,2006
Allerton,Bronx,40.85956,-73.87067,2003
Allerton,Bronx,40.8584,-73.86969,2016
Allerton,Bronx,40.85914,-73.86979,2012
Port Morris,Bronx,40.80461,-73.92276,2018
Fieldston,Bronx,40.88757,-73.90522,2003
Mount Eden,Bronx,40.84058,-73.91382,2003
City Island,Bronx,40.85235,-73.78873,2021
Concourse,Bronx,40.81906,-73.92806,2009
Port Morris,Bronx,40.80904,-73.93037,2006
Mott Haven,Bronx,40.81291,-73.90772,2004
Kingsbridge,Bronx,40.88166,-73.91103,2021
Port Morris,Bronx,40.80011,-73.9133,2009
Williamsbridge,Bronx,40.88296,-73.86264,2014
Soundview,Bronx,40.82138,-73.87603,2014
Mount Eden,Bronx,40.84367,-73.91718,2009
Co-op City,Bronx,40.86317,-73.82494,2021
Parkchester,Bronx,40.83645,-73.86634,2019
City Island,Bronx,40.85258,-73.78762,2015
Port Morris,Bronx,40.80844,-73.92889,2007
North Riverdale,Bronx,40.90804,-73.90005,2012
Bronxdale,Bronx,40.85667,-73.86543,2006
Longwood,Bronx,40.82347,-73.89495,2011
Kingsbridge,Bronx,40.86467,-73.90125,2019
Riverdale,Bronx,40.88579,-73.91599,2003
Kingsbridge,Bronx,40.88437,-73.89746,2011
Soundview,Bronx,40.82528,-73.86004,2020
Norwood,Bronx,40.87605,-73.88047,2008
Concourse,Bronx,40.83012,-73.92714,2014
Co-op City,Bronx,40.86646,-73.82154,2012
Claremont Village,Bronx,40.84192,-73.91108,2013
Port Morris,Bronx,40.80091,-73.91449,2018
Fordham,Bronx,40.86705,-73.88545,2014
Port Morris,Bronx,40.80554,-73.92606,2015
University Heights,Bronx,40.85711,-73.91594,2003
Concourse Village,Bronx,40.83288,-73.91834,2015
Williamsbridge,Bronx,40.88075,-73.84845,2017
Fieldston,Bronx,40.89603,-73.89958,2011
Mott Haven,Bronx,40.81444,-73.92516,2008
Allerton,Bronx,40.86677,-73.85938,2021
Allerton,Bronx,40.86689,-73.85776,2011
Mott Haven,Bronx,40.81055,-73.92482,2009
Mott Haven,Bronx,40.81049,-73.9043,2014
Concourse,Bronx,40.81954,-73.92715,2004
Concourse Village,Bronx,40.82603,-73.92312,2018
Wakefield,Bronx,40.88855,-73.85127,2006
Mount Hope,Bronx,40.84611,-73.91036,2020
Mott Haven,Bronx,40.8105,-73.92507,2010
Mott Haven,Bronx,40.80772,-73.91791,2004
Fieldston,Bronx,40.89022,-73.9039,2003
Longwood,Bronx,40.81321,-73.90259,2014
Mott Haven,Bronx,40.80866,-73.92069,2016
Clason Point,Bronx,40.81192,-73.85334,2010
Clason Point,Bronx,40.81225,-73.85349,2010
Norwood,Bronx,40.87786,-73.87641,2013
University Heights,Bronx,40.85696,-73.91439,2016
Concourse Village,Bronx,40.83331,-73.91742,2011
Eastchester,Bronx,40.8806,-73.83433,2007
Eastchester,Bronx,40.88009,-73.83442,2016
Norwood,Bronx,40.87184,-73.88622,2018
Kingsbridge,Bronx,40.88399,-73.89502,2006
Clason Point,Bronx,40.81231,-73.85535,2010
Kingsbridge,Bronx,40.86809,-73.90201,2020
Concourse,Bronx,40.82636,-73.92655,2017
Kingsbridge,Bronx,40.87829,-73.89337,2011
Allerton,Bronx,40.86814,-73.85874,2018
Van Nest,Bronx,40.8423,-73.87055,2022
Williamsbridge,Bronx,40.87896,-73.84978,2020
Concourse,Bronx,40.83719,-73.92015,2016
Concourse Village,Bronx,40.82393,-73.92414,2021
Highbridge,Bronx,40.83212,-73.93054,2017
Clason Point,Bronx,40.81214,-73.85371,2019
Williamsbridge,Bronx,40.88016,-73.84923,2012
Mount Hope,Bronx,40.85062,-73.90251,2017
Eastchester,Bronx,40.87829,-73.83471,2022
Eastchester,Bronx,40.88017,-73.83484,2006
Morris Park,Bronx,40.85465,-73.85669,2010
Allerton,Bronx,40.87054,-73.84681,2013
Tremont,Bronx,40.83875,-73.88728,2018
University Heights,Bronx,40.85535,-73.91388,2014
Concourse Village,Bronx,40.83161,-73.91958,2017
Tremont,Bronx,40.83887,-73.88805,2022
Tremont,Bronx,40.84061,-73.88858,2011
Williamsbridge,Bronx,40.8789,-73.84855,2004
Longwood,Bronx,40.82209,-73.90086,2017
Williamsbridge,Bronx,40.87765,-73.86318,2015
Longwood,Bronx,40.81935,-73.90772,2007
Clason Point,Bronx,40.8115,-73.85607,2009
Concourse,Bronx,40.82122,-73.92773,2020
Mount Hope,Bronx,40.84819,-73.90648,2020
Longwood,Bronx,40.82883,-73.88854,2003
Mount Hope,Bronx,40.84626,-73.90473,2017
Concourse Village,Bronx,40.82809,-73.9159,2006
Eastchester,Bronx,40.88241,-73.83422,2019
Longwood,Bronx,40.82639,-73.90363,2015
Longwood,Bronx,40.8198,-73.90341,2005
Norwood,Bronx,40.87225,-73.88748,2004
Kingsbridge,Bronx,40.88238,-73.90689,2018
Mott Haven,Bronx,40.80993,-73.92613,2011
Morris Heights,Bronx,40.85073,-73.9128,2006
Kingsbridge,Bronx,40.87183,-73.90371,2018
East Morrisania,Bronx,40.82873,-73.89553,2013
Hunts Point,Bronx,40.81335,-73.8873,2011
Hunts Point,Bronx,40.81395,-73.88675,2017
Concourse,Bronx,40.82381,-73.92725,2016
Longwood,Bronx,40.82417,-73.90156,2012
Hunts Point,Bronx,40.81229,-73.88887,2003
Hunts Point,Bronx,40.81387,-73.88797,2007
Pelham Bay,Bronx,40.84423,-73.83602,2020
Eastchester,Bronx,40.88001,-73.8345,2006
Eastchester,Bronx,40.88211,-73.83625,2022
Port Morris,Bronx,40.80247,-73.91435,2012
City Island,Bronx,40.85205,-73.78868,2014
Throgs Neck,Bronx,40.81476,-73.80001,2008
West Farms,Bronx,40.84328,-73.88173,2018
Williamsbridge,Bronx,40.88301,-73.85452,2019
Allerton,Bronx,40.86789,-73.85999,2015
Pelham Bay,Bronx,40.85362,-73.82949,2020
Riverdale,Bronx,40.88837,-73.90939,2003
Highbridge,Bronx,40.83746,-73.92268,2017
Soundview,Bronx,40.82939,-73.86514,2003
Clason Point,Bronx,40.81773,-73.86164,2014
Morrisania,Bronx,40.82424,-73.91316,2020
Fordham,Bronx,40.86711,-73.89525,2017
Morris Heights,Bronx,40.85311,-73.90861,2022
Longwood,Bronx,40.82226,-73.88906,2018
Norwood,Bronx,40.87709,-73.88228,2003
Concourse Village,Bronx,40.82705,-73.91337,2022
City Island,Bronx,40.84487,-73.78954,2011
Pelham Gardens,Bronx,40.86617,-73.848,2006
Concourse,Bronx,40.81897,-73.92735,2019
Kingsbridge,Bronx,40.87842,-73.9029,2012
Parkchester,Bronx,40.83735,-73.85997,2003
Mott Haven,Bronx,40.8113,-73.92465,2003
Kingsbridge,Bronx,40.879,-73.90062,2009
Belmont,Bronx,40.85487,-73.88711,2014
Allerton,Bronx,40.85753,-73.86605,2005
Williamsbridge,Bronx,40.88165,-73.85625,2022
Riverdale,Bronx,40.88422,-73.90886,2010
Concourse,Bronx,40.82023,-73.92844,2020
Mott Haven,Bronx,40.81192,-73.90949,2022
Morris Heights,Bronx,40.85292,-73.91683,2006
Fordham,Bronx,40.85598,-73.90052,2017
Pelham Bay,Bronx,40.84721,-73.83222,2012
Parkchester,Bronx,40.83953,-73.85717,2019
Wakefield,Bronx,40.88808,-73.86017,2014
Fieldston,Bronx,40.88777,-73.9059,2005
Pelham Gardens,Bronx,40.86553,-73.83993,2014
Mount Hope,Bronx,40.8506,-73.90231,2011
Kingsbridge,Bronx,40.88214,-73.90847,2003
Baychester,Bronx,40.87223,-73.84335,2008
Wakefield,Bronx,40.89694,-73.86055,2012
Williamsbridge,Bronx,40.87556,-73.8584,2008
Longwood,Bronx,40.82345,-73.9033,2004
Concourse Village,Bronx,40.82731,-73.91632,2018
Kingsbridge,Bronx,40.88599,-73.89868,2004
Bronxdale,Bronx,40.85324,-73.86506,2008
Spuyten Duyvil,Bronx,40.88058,-73.91812,2016
Riverdale,Bronx,40.9008,-73.90639,2022
Kingsbridge,Bronx,40.8787,-73.90098,2020
Melrose,Bronx,40.8183,-73.91938,2005
City Island,Bronx,40.85139,-73.78414,2010
Soundview,Bronx,40.82442,-73.86193,2008
Concourse,Bronx,40.8199,-73.9281,2008
Longwood,Bronx,40.81778,-73.90858,2005
Norwood,Bronx,40.87925,-73.88254,2010
Morris Heights,Bronx,40.8522,-73.91014,2011
Riverdale,Bronx,40.8883,-73.91665,2004
Mott Haven,Bronx,40.8098,-73.92149,2022
Mott Haven,Bronx,40.80903,-73.92143,2008
Longwood,Bronx,40.81928,-73.90933,2013
Longwood,Bronx,40.81725,-73.90929,2016
Longwood,Bronx,40.81911,-73.90939,2012
Parkchester,Bronx,40.83648,-73.85812,2009
Pelham Gardens,Bronx,40.86323,-73.84638,2016
Parkchester,Bronx,40.83703,-73.85648,2015
Longwood,Bronx,40.81384,-73.90514,2022
Allerton,Bronx,40.86947,-73.85993,2011
Wakefield,Bronx,40.89118,-73.84987,2006
Wakefield,Bronx,40.88871,-73.86175,2017
Pelham Gardens,Bronx,40.86412,-73.84664,2003
Concourse,Bronx,40.82575,-73.92421,2019
Concourse,Bronx,40.83211,-73.92052,2016
Parkchester,Bronx,40.83049,-73.87354,2011
Fordham,Bronx,40.85396,-73.89872,2021
Fordham,Bronx,40.86032,-73.88493,2012
Claremont Village,Bronx,40.83458,-73.91021,2008
Williamsbridge,Bronx,40.88493,-73.8618,2017
Tremont,Bronx,40.84268,-73.89294,2013
Concourse,Bronx,40.82909,-73.92249,2011
Williamsbridge,Bronx,40.87938,-73.86349,2021
Port Morris,Bronx,40.80884,-73.9302,2003
Port Morris,Bronx,40.80872,-73.93051,2017
Port Morris,Bronx,40.80952,-73.93025,2011
Tremont,Bronx,40.84559,-73.89815,2003
Throgs Neck,Bronx,40.83166,-73.81747,2014
Fordham,Bronx,40.85927,-73.90142,2020
Concourse Village,Bronx,40.83041,-73.91838,2016
Claremont Village,Bronx,40.8357,-73.91023,2022
Port Morris,Bronx,40.80842,-73.93136,2014
Longwood,Bronx,40.81937,-73.90978,2005
Concourse,Bronx,40.81949,-73.92913,2003
Longwood,Bronx,40.82716,-73.89911,2006
Longwood,Bronx,40.82412,-73.90266,2022
University Heights,Bronx,40.86048,-73.91181,2022
Concourse,Bronx,40.82162,-73.92698,2013
Woodlawn,Bronx,40.89984,-73.86902,2013
Fordham,Bronx,40.85859,-73.89571,2012
Melrose,Bronx,40.82296,-73.91429,2007
Schuylerville,Bronx,40.8355,-73.83729,2014
Concourse,Bronx,40.82948,-73.92364,2017
Allerton,Bronx,40.86066,-73.85414,2012
Wakefield,Bronx,40.8947,-73.85601,2016
Highbridge,Bronx,40.83736,-73.92318,2010
Norwood,Bronx,40.86853,-73.88301,2012
Kingsbridge,Bronx,40.88393,-73.90639,2022
Longwood,Bronx,40.82148,-73.89122,2022
Van Nest,Bronx,40.84166,-73.86818,2018
Highbridge,Bronx,40.84277,-73.92588,2013
Longwood,Bronx,40.81998,-73.90325,2012
Throgs Neck,Bronx,40.81587,-73.81532,2003
Port Morris,Bronx,40.80779,-73.93095,2013
Claremont Village,Bronx,40.83796,-73.9016,2020
Kingsbridge,Bronx,40.88444,-73.90583,2022
Fieldston,Bronx,40.89581,-73.89778,2022
Kingsbridge,Bronx,40.86932,-73.90057,2006
Parkchester,Bronx,40.83112,-73.87319,2022
Fieldston,Bronx,40.88985,-73.90747,2012
Eastchester,Bronx,40.88207,-73.83538,2009
Bronxdale,Bronx,40.85499,-73.86728,2011
Concourse Village,Bronx,40.82974,-73.92092,2010
Bronxdale,Bronx,40.85401,-73.86594,2011
Fordham,Bronx,40.86533,-73.89713,2010
North Riverdale,Bronx,40.90175,-73.89761,2006
Woodlawn,Bronx,40.88253,-73.86951,2007
Bronxdale,Bronx,40.85585,-73.86486,2018
Bronxdale,Bronx,40.85236,-73.86632,2021
Norwood,Bronx,40.8722,-73.87607,2019
Hunts Point,Bronx,40.81658,-73.88889,2020
Mott Haven,Bronx,40.81201,-73.90823,2010
Kingsbridge,Bronx,40.88283,-73.89326,2006
Mott Haven,Bronx,40.81072,-73.92349,2016
Pelham Gardens,Bronx,40.86663,-73.84139,2021
Highbridge,Bronx,40.83844,-73.92489,2016
Wakefield,Bronx,40.89121,-73.85131,2016
Longwood,Bronx,40.82006,-73.90332,2006
Kingsbridge,Bronx,40.88297,-73.90727,2014
Norwood,Bronx,40.87529,-73.8762,2017
Kingsbridge,Bronx,40.88546,-73.90526,2008
Morris Heights,Bronx,40.85018,-73.9167,2006
Morris Heights,Bronx,40.84862,-73.92412,2015
Bronxdale,Bronx,40.85711,-73.86474,2018
Woodlawn,Bronx,40.89743,-73.86983,2010
Castle Hill,Bronx,40.82286,-73.84765,2009
Kingsbridge,Bronx,40.86352,-73.90503,2021
Fordham,Bronx,40.86914,-73.8951,2012
Norwood,Bronx,40.87372,-73.88625,2011
Kingsbridge,Bronx,40.88467,-73.90575,2015
Norwood,Bronx,40.87583,-73.87737,2022
North Riverdale,Bronx,40.90154,-73.89791,2004
Kingsbridge,Bronx,40.86605,-73.90694,2003
Fordham,Bronx,40.87093,-73.8934,2003
Fordham,Bronx,40.86909,-73.89396,2018
Hunts Point,Bronx,40.81841,-73.89067,2010
Concourse,Bronx,40.82388,-73.9279,2019
Concourse,Bronx,40.82415,-73.92778,2019
Longwood,Bronx,40.82441,-73.89454,2007
Parkchester,Bronx,40.84012,-73.86521,2011
Fieldston,Bronx,40.89279,-73.89946,2004
University Heights,Bronx,40.86084,-73.90288,2021
Port Morris,Bronx,40.80743,-73.92971,2018
Longwood,Bronx,40.8179,-73.91456,2014
Schuylerville,Bronx,40.83248,-73.83203,2008
Norwood,Bronx,40.87692,-73.87427,2004
Concourse,Bronx,40.8262,-73.92557,2009
Mount Hope,Bronx,40.85188,-73.90321,2004
Fordham,Bronx,40.85318,-73.90204,2016
Soundview,Bronx,40.82987,-73.86608,2016
Morris Park,Bronx,40.84906,-73.85418,2022
University Heights,Bronx,40.8562,-73.90899,2020
Fordham,Bronx,40.86925,-73.89534,2014
Kingsbridge,Bronx,40.87924,-73.89791,2012
Concourse Village,Bronx,40.82692,-73.92183,2008
Fordham,Bronx,40.85615,-73.90077,2004
Fordham,Bronx,40.87031,-73.89322,2008
Fordham,Bronx,40.86917,-73.89465,2020
Pelham Gardens,Bronx,40.86673,-73.845,2017
Pelham Gardens,Bronx,40.86686,-73.84207,2019
Pelham Bay,Bronx,40.84752,-73.82797,2007
Concourse,Bronx,40.83243,-73.92035,2018
Highbridge,Bronx,40.83173,-73.92824,2017
Schuylerville,Bronx,40.84034,-73.83007,2006
Fordham,Bronx,40.85929,-73.90048,2010
Longwood,Bronx,40.81632,-73.90991,2005
Kingsbridge,Bronx,40.87094,-73.89386,2017
Olinville,Bronx,40.88438,-73.86397,2008
Pelham Gardens,Bronx,40.86437,-73.83863,2007
Morris Heights,Bronx,40.84565,-73.91684,2003
Kingsbridge,Bronx,40.8781,-73.89998,2018
Pelham Gardens,Bronx,40.86437,-73.8485,2005
Allerton,Bronx,40.86868,-73.85483,2004
Kingsbridge,Bronx,40.8709,-73.89946,2022
Tremont,Bronx,40.84546,-73.89013,2007
Port Morris,Bronx,40.81034,-73.93166,2015
Mott Haven,Bronx,40.81234,-73.91688,2021
Mott Haven,Bronx,40.81387,-73.91553,2009
Edenwald,Bronx,40.88534,-73.83434,2006
Concourse,Bronx,40.82097,-73.92739,2017
Belmont,Bronx,40.85311,-73.88763,2005
Mott Haven,Bronx,40.81217,-73.91777,2014
Edenwald,Bronx,40.88364,-73.83561,2016
Longwood,Bronx,40.8134,-73.89893,2005
Mount Hope,Bronx,40.84499,-73.91157,2011
Baychester,Bronx,40.87372,-73.84065,2011
Tremont,Bronx,40.84647,-73.89299,2022
University Heights,Bronx,40.85487,-73.91391,2008
Parkchester,Bronx,40.82942,-73.87564,2007
Parkchester,Bronx,40.83081,-73.87587,2006
Allerton,Bronx,40.86718,-73.86235,2004
Mount Hope,Bronx,40.84992,-73.90346,2014
Schuylerville,Bronx,40.83018,-73.83413,2015
Parkchester,Bronx,40.83117,-73.87566,2014
Highbridge,Bronx,40.84289,-73.92688,2010
Hunts Point,Bronx,40.81406,-73.88997,2021
Pelham Gardens,Bronx,40.85878,-73.83402,2019
Parkchester,Bronx,40.8298,-73.87715,2012
Highbridge,Bronx,40.84111,-73.92513,2012
Schuylerville,Bronx,40.83159,-73.83375,2005
North Riverdale,Bronx,40.91169,-73.90564,2020
Baychester,Bronx,40.87192,-73.84676,2022
Tremont,Bronx,40.84594,-73.89358,2012
Williamsbridge,Bronx,40.87309,-73.86326,2014
Wakefield,Bronx,40.88702,-73.86575,2013
Norwood,Bronx,40.87315,-73.87925,2007
Mount Eden,Bronx,40.84473,-73.91175,2014
Allerton,Bronx,40.85961,-73.86361,2005
Allerton,Bronx,40.87063,-73.84896,2017
Baychester,Bronx,40.87188,-73.842,2018
Mount Hope,Bronx,40.85152,-73.90374,2012
Kingsbridge,Bronx,40.86707,-73.90712,2004
Throgs Neck,Bronx,40.83051,-73.82511,2004
Kingsbridge,Bronx,40.87271,-73.89972,2022
University Heights,Bronx,40.85484,-73.90646,2012
University Heights,Bronx,40.85624,-73.90946,2009
Clason Point,Bronx,40.80652,-73.85312,2010
Wakefield,Bronx,40.90281,-73.85201,2004
Bronxdale,Bronx,40.85168,-73.86659,2004
Longwood,Bronx,40.8229,-73.90295,2022
Highbridge,Bronx,40.82964,-73.92882,2021
Mott Haven,Bronx,40.81023,-73.91926,2006
Morrisania,Bronx,40.8329,-73.89608,2007
University Heights,Bronx,40.85771,-73.90899,2019
Hunts Point,Bronx,40.81227,-73.88871,2009
Wakefield,Bronx,40.90391,-73.85312,2014
Williamsbridge,Bronx,40.88249,-73.86274,2012
Schuylerville,Bronx,40.83855,-73.83167,2012
Norwood,Bronx,40.8774,-73.87537,2022
Concourse,Bronx,40.82153,-73.92683,2008
Mott Haven,Bronx,40.81133,-73.92356,2004
Morris Park,Bronx,40.85152,-73.86121,2016
Woodlawn,Bronx,40.89785,-73.86977,2007
Riverdale,Bronx,40.88671,-73.9151,2010
Claremont Village,Bronx,40.83561,-73.91108,2018
Morris Heights,Bronx,40.85167,-73.92144,2020
City Island,Bronx,40.85306,-73.78948,2007
Morris Park,Bronx,40.84932,-73.85883,2004
Clason Point,Bronx,40.81699,-73.86741,2003
Kingsbridge,Bronx,40.87896,-73.90674,2006
Belmont,Bronx,40.85961,-73.89031,2009
Longwood,Bronx,40.82164,-73.90163,2005
City Island,Bronx,40.83914,-73.78158,2014
Claremont Village,Bronx,40.83507,-73.9104,2010
Parkchester,Bronx,40.84024,-73.85836,2007
Mount Hope,Bronx,40.84899,-73.90375,2015
Parkchester,Bronx,40.83805,-73.85867,2003
East Morrisania,Bronx,40.83384,-73.8863,2013
Morris Park,Bronx,40.85145,-73.86129,2003
Mott Haven,Bronx,40.81005,-73.91977,2009
East Morrisania,Bronx,40.83336,-73.88636,2012
Bronxdale,Bronx,40.85527,-73.86719,2011
Westchester Square,Bronx,40.83758,-73.84382,2022
Williamsbridge,Bronx,40.88032,-73.85877,2018
Bronxdale,Bronx,40.85634,-73.86633,2020
North Riverdale,Bronx,40.90734,-73.90137,2018
Longwood,Bronx,40.82406,-73.8934,2011
Riverdale,Bronx,40.88667,-73.91494,2010
Riverdale,Bronx,40.88515,-73.91411,2009
East Morrisania,Bronx,40.83296,-73.88668,2017
Westchester Square,Bronx,40.8372,-73.84345,2009
East Morrisania,Bronx,40.83243,-73.88608,2004
Norwood,Bronx,40.88304,-73.88278,2022
Claremont Village,Bronx,40.83556,-73.91098,2014
Kingsbridge,Bronx,40.88165,-73.90633,2004
Concourse,Bronx,40.81941,-73.92762,2007
Mount Hope,Bronx,40.85031,-73.90102,2013
Kingsbridge,Bronx,40.88883,-73.90046,2013
Fordham,Bronx,40.85217,-73.90239,2020
Wakefield,Bronx,40.89756,-73.85639,2021
Concourse Village,Bronx,40.83206,-73.91969,2022
Wakefield,Bronx,40.88698,-73.86049,2010
Unionport,Bronx,40.83121,-73.8483,2007
Pelham Bay,Bronx,40.84711,-73.83039,2017
Morrisania,Bronx,40.82627,-73.90803,2018
University Heights,Bronx,40.85657,-73.90915,2009
City Island,Bronx,40.84964,-73.78717,2020
Highbridge,Bronx,40.84101,-73.92626,2019
Wakefield,Bronx,40.89811,-73.85543,2008
Highbridge,Bronx,40.84184,-73.92535,2014
Highbridge,Bronx,40.84103,-73.92701,2003
Wakefield,Bronx,40.89685,-73.85382,2007
Clason Point,Bronx,40.81645,-73.86355,2013
Concourse Village,Bronx,40.83257,-73.91245,2020
University Heights,Bronx,40.85751,-73.90805,2005
Claremont Village,Bronx,40.835,-73.91114,2022
Concourse,Bronx,40.83497,-73.9189,2012
Wakefield,Bronx,40.90356,-73.84172,2014
Concourse Village,Bronx,40.82638,-73.92225,2011
Allerton,Bronx,40.86144,-73.86427,2007
Belmont,Bronx,40.85362,-73.8896,2010
Concourse,Bronx,40.82453,-73.92563,2015
Mott Haven,Bronx,40.81553,-73.92453,2015
Parkchester,Bronx,40.84038,-73.85662,2009
Williamsbridge,Bronx,40.88192,-73.86186,2009
Norwood,Bronx,40.87759,-73.88459,2011
Belmont,Bronx,40.85444,-73.88462,2006
Pelham Gardens,Bronx,40.86506,-73.84295,2015
Mott Haven,Bronx,40.80762,-73.92454,2004
Kingsbridge,Bronx,40.86924,-73.90651,2012
Parkchester,Bronx,40.83408,-73.87419,2011
Parkchester,Bronx,40.83439,-73.8585,2018
Parkchester,Bronx,40.83555,-73.8757,2009
Belmont,Bronx,40.85632,-73.88631,2013
Morris Heights,Bronx,40.8459,-73.91558,2007
Belmont,Bronx,40.85579,-73.88512,2021
Kingsbridge,Bronx,40.87666,-73.90034,2007
Concourse Village,Bronx,40.82706,-73.91779,2010
Belmont,Bronx,40.85456,-73.88521,2019
Soundview,Bronx,40.82407,-73.8614,2008
University Heights,Bronx,40.8568,-73.9149,2021
Clason Point,Bronx,40.81728,-73.86343,2008
Kingsbridge,Bronx,40.87847,-73.90268,2022
Mott Haven,Bronx,40.80889,-73.92028,2015
Concourse,Bronx,40.82276,-73.92682,2009
Melrose,Bronx,40.82251,-73.91125,2021
Morrisania,Bronx,40.82995,-73.90342,2005
Longwood,Bronx,40.82245,-73.90875,2021
Mott Haven,Bronx,40.8118,-73.92263,2011
Kingsbridge,Bronx,40.88302,-73.90899,2011
Wakefield,Bronx,40.88688,-73.84789,2003
Mott Haven,Bronx,40.81039,-73.92478,2017
Pelham Bay,Bronx,40.84607,-73.83842,2018
Parkchester,Bronx,40.83067,-73.88024,2016
Allerton,Bronx,40.85973,-73.86699,2004
Pelham Gardens,Bronx,40.86706,-73.84674,2017
Soundview,Bronx,40.82739,-73.88176,2004
Kingsbridge,Bronx,40.8739,-73.90364,2016
Port Morris,Bronx,40.80024,-73.91422,2008
Soundview,Bronx,40.82668,-73.8822,2018
Mount Hope,Bronx,40.84572,-73.91023,2017
Morrisania,Bronx,40.82496,-73.91389,2003
Van Nest,Bronx,40.84279,-73.86527,2022
Kingsbridge,Bronx,40.88447,-73.90157,2014
Norwood,Bronx,40.87491,-73.87575,2014
Belmont,Bronx,40.85828,-73.88559,2017
Mott Haven,Bronx,40.81037,-73.91946,2013
Williamsbridge,Bronx,40.8785,-73.86347,2014
Concourse Village,Bronx,40.83314,-73.91708,2007
Fordham,Bronx,40.86674,-73.89284,2010
Port Morris,Bronx,40.80726,-73.92999,2016
Norwood,Bronx,40.87504,-73.88476,2014
Longwood,Bronx,40.82441,-73.90361,2016
Norwood,Bronx,40.87446,-73.87453,2009
Concourse Village,Bronx,40.83373,-73.91147,2006
Longwood,Bronx,40.823,-73.90859,2008
Pelham Gardens,Bronx,40.85702,-73.83697,2020
Mott Haven,Bronx,40.80986,-73.9214,2009
Norwood,Bronx,40.87396,-73.87785,2011
Fordham,Bronx,40.86665,-73.8954,2022
Fordham,Bronx,40.85419,-73.89827,2011
Kingsbridge,Bronx,40.88435,-73.90305,2005
Longwood,Bronx,40.81943,-73.90224,2012
Longwood,Bronx,40.81961,-73.90019,2008
Hunts Point,Bronx,40.81978,-73.88743,2009
Mott Haven,Bronx,40.80906,-73.92031,2009
Norwood,Bronx,40.88007,-73.87326,2015
Kingsbridge,Bronx,40.86664,-73.89844,2005
Pelham Bay,Bronx,40.85407,-73.83264,2016
Pelham Bay,Bronx,40.84934,-73.83345,2021
Pelham Gardens,Bronx,40.85929,-73.84229,2012
Williamsbridge,Bronx,40.87906,-73.85987,2013
Williamsbridge,Bronx,40.88049,-73.8613,2015
Williamsbridge,Bronx,40.8805,-73.86178,2012
Woodlawn,Bronx,40.8987,-73.86389,2019
Longwood,Bronx,40.8273,-73.88906,2007
Mount Hope,Bronx,40.84882,-73.90263,2003
Fordham,Bronx,40.85662,-73.89797,2016
Allerton,Bronx,40.86578,-73.86534,2011
Morris Heights,Bronx,40.84718,-73.91378,2013
Concourse Village,Bronx,40.83168,-73.91977,2010
Concourse,Bronx,40.8315,-73.92047,2004
Fordham,Bronx,40.86918,-73.8905,2004
Fordham,Bronx,40.85655,-73.90377,2014
Westchester Square,Bronx,40.843,-73.84806,2008
Highbridge,Bronx,40.83452,-73.93143,2020
Highbridge,Bronx,40.83593,-73.93004,2016
Norwood,Bronx,40.87993,-73.87195,2010
Williamsbridge,Bronx,40.87021,-73.86095,2003
Fordham,Bronx,40.86737,-73.89415,2010
Highbridge,Bronx,40.83604,-73.93099,2020
Woodlawn,Bronx,40.89873,-73.86449,2021
Spuyten Duyvil,Bronx,40.88316,-73.91151,2020
Olinville,Bronx,40.88455,-73.86587,2003
Concourse Village,Bronx,40.83086,-73.92025,2004
Wakefield,Bronx,40.89691,-73.85121,2005
Concourse Village,Bronx,40.83218,-73.91951,2012
Kingsbridge,Bronx,40.87257,-73.9009,2022
Kingsbridge,Bronx,40.87287,-73.90157,2020
University Heights,Bronx,40.85989,-73.91189,2003
Morris Park,Bronx,40.84857,-73.85976,2018
Longwood,Bronx,40.82434,-73.88705,2007
Mott Haven,Bronx,40.80863,-73.92121,2009
Kingsbridge,Bronx,40.88004,-73.9,2019
Pelham Gardens,Bronx,40.86615,-73.84185,2011
Concourse,Bronx,40.81952,-73.92844,2022
Kingsbridge,Bronx,40.86286,-73.9024,2020
Morrisania,Bronx,40.83252,-73.89811,2013
Mount Eden,Bronx,40.84197,-73.91292,2018
Concourse Village,Bronx,40.83216,-73.91598,2013
Kingsbridge,Bronx,40.87997,-73.90035,2022
Kingsbridge,Bronx,40.88068,-73.90012,2016
Wakefield,Bronx,40.89641,-73.85077,2014
Morrisania,Bronx,40.83139,-73.90166,2014
Westchester Square,Bronx,40.84367,-73.84911,2007
Mott Haven,Bronx,40.81011,-73.92166,2007
Edenwald,Bronx,40.88634,-73.83431,2021
Clason Point,Bronx,40.81862,-73.8791,2021
Norwood,Bronx,40.87816,-73.87213,2010
Wakefield,Bronx,40.88764,-73.8558,2012
Mount Eden,Bronx,40.84059,-73.92156,2021
Fieldston,Bronx,40.88764,-73.90449,2022
Throgs Neck,Bronx,40.82601,-73.81907,2013
Throgs Neck,Bronx,40.81437,-73.82774,2009
Allerton,Bronx,40.86778,-73.85491,2021
Throgs Neck,Bronx,40.82696,-73.81927,2010
Highbridge,Bronx,40.83088,-73.92779,2019
Highbridge,Bronx,40.83413,-73.92918,2015
Kingsbridge,Bronx,40.8801,-73.89709,2021
Parkchester,Bronx,40.83688,-73.85584,2022
Kingsbridge,Bronx,40.88485,-73.89756,2007
Schuylerville,Bronx,40.83022,-73.83286,2007
Throgs Neck,Bronx,40.82617,-73.82073,2005
Pelham Gardens,Bronx,40.86681,-73.84073,2003
Williamsbridge,Bronx,40.87579,-73.86532,2007
Pelham Bay,Bronx,40.85519,-73.82932,2005
Pelham Gardens,Bronx,40.86273,-73.83715,2018
Kingsbridge,Bronx,40.87901,-73.90155,2007
Edenwald,Bronx,40.89124,-73.83423,2005
Longwood,Bronx,40.8156,-73.90075,2004
Longwood,Bronx,40.81668,-73.89988,2012
North Riverdale,Bronx,40.90329,-73.89991,2020
Highbridge,Bronx,40.83464,-73.92505,2014
Edenwald,Bronx,40.8901,-73.84031,2008
Morris Park,Bronx,40.85548,-73.85585,2008
Morrisania,Bronx,40.82936,-73.90867,2018
Norwood,Bronx,40.87077,-73.8817,2015
Van Nest,Bronx,40.84787,-73.86177,2005
Van Nest,Bronx,40.84778,-73.86146,2020
Claremont Village,Bronx,40.84346,-73.91151,2013
Throgs Neck,Bronx,40.82257,-73.83773,2022
Fordham,Bronx,40.85801,-73.88247,2021
Mott Haven,Bronx,40.8084,-73.92037,2020
Kingsbridge,Bronx,40.88058,-73.90552,2014
Wakefield,Bronx,40.88723,-73.86351,2011
University Heights,Bronx,40.86259,-73.90359,2011
University Heights,Bronx,40.86113,-73.91511,2006
City Island,Bronx,40.85104,-73.78573,2015
Unionport,Bronx,40.82848,-73.85466,2007
Concourse,Bronx,40.83193,-73.92223,2016
Wakefield,Bronx,40.89374,-73.85579,2005
Concourse,Bronx,40.82753,-73.92463,2012
Concourse,Bronx,40.82714,-73.92528,2020
Belmont,Bronx,40.85609,-73.88391,2013
Allerton,Bronx,40.8616,-73.86227,2021
Bronxdale,Bronx,40.85456,-73.86921,2005
City Island,Bronx,40.84879,-73.78987,2004
University Heights,Bronx,40.86255,-73.90669,2021
Clason Point,Bronx,40.81309,-73.85367,2012
Clason Point,Bronx,40.81225,-73.85502,2004
Allerton,Bronx,40.85978,-73.8619,2013
Allerton,Bronx,40.86017,-73.86198,2007
Pelham Gardens,Bronx,40.86239,-73.84362,2018
Allerton,Bronx,40.86014,-73.86301,2020
Allerton,Bronx,40.86013,-73.86339,2019
Morris Heights,Bronx,40.84835,-73.9141,2013
Claremont Village,Bronx,40.84171,-73.91159,2009
Parkchester,Bronx,40.83791,-73.85845,2014
Throgs Neck,Bronx,40.81639,-73.81954,2016
Pelham Gardens,Bronx,40.86153,-73.83656,2017
Allerton,Bronx,40.86659,-73.866,2009
University Heights,Bronx,40.8612,-73.91065,2012
Edenwald,Bronx,40.89245,-73.83721,2016
Morrisania,Bronx,40.82823,-73.90114,2017
Castle Hill,Bronx,40.81518,-73.84758,2005
Concourse,Bronx,40.83224,-73.92068,2004
Concourse,Bronx,40.83285,-73.92158,2022
Morrisania,Bronx,40.83201,-73.89996,2010
Concourse,Bronx,40.8212,-73.92859,2005
Morris Park,Bronx,40.85322,-73.85144,2006
Edenwald,Bronx,40.8859,-73.83517,2014
Concourse Village,Bronx,40.82855,-73.91856,2006
Longwood,Bronx,40.82445,-73.90341,2009
Wakefield,Bronx,40.89382,-73.84844,2009
Mott Haven,Bronx,40.81192,-73.91781,2012
Wakefield,Bronx,40.88878,-73.86349,2014
Highbridge,Bronx,40.83454,-73.92751,2010
Longwood,Bronx,40.81822,-73.90812,2020
Allerton,Bronx,40.87015,-73.85582,2019
Fordham,Bronx,40.86299,-73.89088,2003
Longwood,Bronx,40.81872,-73.90014,2020
Eastchester,Bronx,40.88017,-73.83574,2007
Parkchester,Bronx,40.83658,-73.86181,2013
Kingsbridge,Bronx,40.88445,-73.89663,2003
Unionport,Bronx,40.82972,-73.84957,2003
Kingsbridge,Bronx,40.863,-73.90661,2005
Longwood,Bronx,40.82248,-73.89915,2010
Parkchester,Bronx,40.8358,-73.85833,2008
Kingsbridge,Bronx,40.88354,-73.89061,2006
Baychester,Bronx,40.87886,-73.84301,2011
Baychester,Bronx,40.8773,-73.84329,2004
Bronxdale,Bronx,40.8546,-73.86785,2003
Parkchester,Bronx,40.83581,-73.85864,2004
Throgs Neck,Bronx,40.83148,-73.82931,2004
Throgs Neck,Bronx,40.82952,-73.82818,2013
Norwood,Bronx,40.87633,-73.88328,2008
Pelham Bay,Bronx,40.84633,-73.83029,2003
Wakefield,Bronx,40.88563,-73.85975,2006
Williamsbridge,Bronx,40.87135,-73.85736,2007
Schuylerville,Bronx,40.83729,-73.83323,2011
Eastchester,Bronx,40.88271,-73.83217,2010
Williamsbridge,Bronx,40.87675,-73.86372,2003
Mott Haven,Bronx,40.80769,-73.91617,2019
Concourse,Bronx,40.83703,-73.91643,2006
Clason Point,Bronx,40.80644,-73.8518,2021
Mott Haven,Bronx,40.8106,-73.91667,2021
Concourse,Bronx,40.83659,-73.91777,2014
Morris Park,Bronx,40.85409,-73.85032,2014
Morris Park,Bronx,40.85361,-73.85018,2008
Belmont,Bronx,40.85287,-73.88536,2007
Concourse,Bronx,40.82145,-73.92856,2020
Mott Haven,Bronx,40.81161,-73.90513,2017
Port Morris,Bronx,40.8102,-73.93147,2011
Westchester Square,Bronx,40.84184,-73.84967,2015
Port Morris,Bronx,40.80952,-73.93005,2014
Port Morris,Bronx,40.80994,-73.93061,2011
Port Morris,Bronx,40.80977,-73.93038,2017
Mott Haven,Bronx,40.81072,-73.92031,2022
Fordham,Bronx,40.85536,-73.90242,2018
Wakefield,Bronx,40.88688,-73.85848,2008
Concourse,Bronx,40.82228,-73.92783,2007
Soundview,Bronx,40.83088,-73.86492,2015
Belmont,Bronx,40.85267,-73.88627,2011
Longwood,Bronx,40.81232,-73.90299,2020
Claremont Village,Bronx,40.83739,-73.91118,2017
Van Nest,Bronx,40.83988,-73.86978,2013
Morris Park,Bronx,40.85362,-73.85011,2006
Morris Park,Bronx,40.85105,-73.86049,2021
Longwood,Bronx,40.82718,-73.90241,2004
Soundview,Bronx,40.8289,-73.86219,2015
Wakefield,Bronx,40.8878,-73.85372,2019
Wakefield,Bronx,40.89399,-73.84279,2006
Concourse Village,Bronx,40.83413,-73.91669,2020
Morris Park,Bronx,40.85661,-73.85281,2013
Morris Heights,Bronx,40.85324,-73.92143,2022
Hunts Point,Bronx,40.81377,-73.88933,2016
Pelham Bay,Bronx,40.8546,-73.83026,2010
Pelham Bay,Bronx,40.85413,-73.83065,2010
Fordham,Bronx,40.86777,-73.88397,2014
City Island,Bronx,40.84802,-73.78963,2004
Williamsbridge,Bronx,40.87704,-73.86276,2003
Wakefield,Bronx,40.89502,-73.85071,2010
Port Morris,Bronx,40.80861,-73.93015,2019
Mount Eden,Bronx,40.84084,-73.92178,2017
Morris Park,Bronx,40.84605,-73.8493,2018
Belmont,Bronx,40.85336,-73.88549,2018
Mott Haven,Bronx,40.81322,-73.91696,2022
Kingsbridge,Bronx,40.87072,-73.89974,2019
Soundview,Bronx,40.83144,-73.86639,2014
Mott Haven,Bronx,40.81017,-73.92266,2021
Mott Haven,Bronx,40.80958,-73.91895,2013
Mott Haven,Bronx,40.81102,-73.92778,2020
Olinville,Bronx,40.88453,-73.86273,2003
Wakefield,Bronx,40.89385,-73.8448,2014
Fordham,Bronx,40.85791,-73.89528,2016
Fordham,Bronx,40.85765,-73.90351,2018
Concourse,Bronx,40.82132,-73.92884,2009
Norwood,Bronx,40.87448,-73.87412,2003
Hunts Point,Bronx,40.81819,-73.88653,2016
Belmont,Bronx,40.85449,-73.88437,2008
Woodlawn,Bronx,40.89753,-73.87359,2009
Concourse,Bronx,40.83007,-73.92251,2020
Highbridge,Bronx,40.83217,-73.93148,2018
Williamsbridge,Bronx,40.87831,-73.86511,2021
Concourse,Bronx,40.82773,-73.92308,2009
Allerton,Bronx,40.86923,-73.86275,2007
Edenwald,Bronx,40.885,-73.83518,2008
Mott Haven,Bronx,40.81177,-73.92726,2017
Mott Haven,Bronx,40.8114,-73.92747,2022
Allerton,Bronx,40.86116,-73.86248,2012
Mott Haven,Bronx,40.81,-73.92654,2013
Wakefield,Bronx,40.89429,-73.84392,2004
Wakefield,Bronx,40.894,-73.84362,2018
Spuyten Duyvil,Bronx,40.88071,-73.92074,2012
Belmont,Bronx,40.85504,-73.88394,2008
Morrisania,Bronx,40.83213,-73.90736,2009
Parkchester,Bronx,40.83872,-73.87149,2006
Mott Haven,Bronx,40.81167,-73.92729,2006
Kingsbridge,Bronx,40.87,-73.90129,2018
Pelham Bay,Bronx,40.84391,-73.83171,2016
Fordham,Bronx,40.8689,-73.88552,2019
Norwood,Bronx,40.87064,-73.8797,2012
Pelham Gardens,Bronx,40.86279,-73.83947,2007
Riverdale,Bronx,40.88511,-73.90831,2017
Allerton,Bronx,40.86975,-73.84669,2017
Fieldston,Bronx,40.89466,-73.89735,2006
Claremont Village,Bronx,40.83499,-73.91003,2006
Concourse,Bronx,40.83488,-73.91988,2005
Port Morris,Bronx,40.80747,-73.92766,2013
Allerton,Bronx,40.86757,-73.8649,2015
City Island,Bronx,40.85056,-73.78829,2022
Westchester Square,Bronx,40.84378,-73.84469,2011
Williamsbridge,Bronx,40.87821,-73.86354,2018
Edenwald,Bronx,40.88229,-73.84295,2010
Williamsbridge,Bronx,40.87684,-73.86389,2008
Allerton,Bronx,40.86698,-73.85178,2007
Concourse,Bronx,40.83513,-73.91797,2010
Concourse Village,Bronx,40.82674,-73.91935,2011
Bronxdale,Bronx,40.85398,-73.86451,2008
Tremont,Bronx,40.84289,-73.88773,2003
Throgs Neck,Bronx,40.82507,-73.8204,2014
Mount Hope,Bronx,40.85055,-73.90189,2020
Throgs Neck,Bronx,40.81518,-73.82708,2020
Concourse Village,Bronx,40.83311,-73.9116,2004
Claremont Village,Bronx,40.84145,-73.91027,2010
Hunts Point,Bronx,40.81389,-73.88914,2014
Van Nest,Bronx,40.84047,-73.87127,2003
Williamsbridge,Bronx,40.87701,-73.86282,2012
Belmont,Bronx,40.85222,-73.89277,2020
Allerton,Bronx,40.86437,-73.86047,2014
Fieldston,Bronx,40.88796,-73.90473,2004
West Farms,Bronx,40.83942,-73.87518,2020
Van Nest,Bronx,40.84119,-73.87049,2019
Van Nest,Bronx,40.84087,-73.8699,2021
Fordham,Bronx,40.85214,-73.90294,2009
East Morrisania,Bronx,40.83026,-73.89102,2015
East Morrisania,Bronx,40.8296,-73.88971,2022
Mott Haven,Bronx,40.81331,-73.92765,2009
Mott Haven,Bronx,40.81185,-73.91625,2004
City Island,Bronx,40.85746,-73.79056,2006
Melrose,Bronx,40.81712,-73.9209,2005
Morris Heights,Bronx,40.84613,-73.91668,2010
Longwood,Bronx,40.82306,-73.90821,2007
Eastchester,Bronx,40.88179,-73.83455,2007
Pelham Gardens,Bronx,40.86723,-73.84285,2009
Port Morris,Bronx,40.8094,-73.93173,2015
East Morrisania,Bronx,40.83025,-73.89134,2005
Mount Hope,Bronx,40.8476,-73.90594,2004
Melrose,Bronx,40.82433,-73.91619,2004
Highbridge,Bronx,40.83651,-73.92269,2016
Belmont,Bronx,40.85387,-73.89384,2010
Mount Hope,Bronx,40.8461,-73.90883,2006
Claremont Village,Bronx,40.84487,-73.90811,2008
Longwood,Bronx,40.81624,-73.9011,2010
Morris Park,Bronx,40.85589,-73.85825,2020
Port Morris,Bronx,40.80797,-73.92865,2006
Williamsbridge,Bronx,40.88449,-73.86227,2003
Van Nest,Bronx,40.84555,-73.86787,2015
Melrose,Bronx,40.82421,-73.917,2021
Fordham,Bronx,40.86906,-73.88753,2020
Soundview,Bronx,40.82121,-73.87764,2014
Eastchester,Bronx,40.88009,-73.83456,2014
Claremont Village,Bronx,40.84381,-73.90827,2022
Belmont,Bronx,40.85929,-73.89165,2020
Mott Haven,Bronx,40.81132,-73.92037,2006
Fordham,Bronx,40.86643,-73.88895,2009
Fordham,Bronx,40.86566,-73.88748,2006
Throgs Neck,Bronx,40.82688,-73.81899,2007
Wakefield,Bronx,40.89682,-73.84318,2008
Wakefield,Bronx,40.89702,-73.85723,2019
Bronxdale,Bronx,40.85646,-73.86813,2009
Throgs Neck,Bronx,40.83108,-73.82951,2021
Williamsbridge,Bronx,40.87905,-73.85243,2014
University Heights,Bronx,40.85538,-73.91081,2020
Kingsbridge,Bronx,40.88344,-73.90301,2010
Mount Hope,Bronx,40.84994,-73.9066,2019
Mott Haven,Bronx,40.81098,-73.91814,2005
Throgs Neck,Bronx,40.8154,-73.81551,2004
Edenwald,Bronx,40.89156,-73.84197,2022
Kingsbridge,Bronx,40.88316,-73.90586,2003
Port Morris,Bronx,40.80707,-73.92974,2008
Tremont,Bronx,40.8474,-73.89612,2022
Parkchester,Bronx,40.83099,-73.86951,2018
Wakefield,Bronx,40.88805,-73.86451,2012
Kingsbridge,Bronx,40.88474,-73.90321,2009
Longwood,Bronx,40.82671,-73.90643,2007
Longwood,Bronx,40.81694,-73.89627,2005
Throgs Neck,Bronx,40.8149,-73.81545,2006
Melrose,Bronx,40.81894,-73.91418,2008
Longwood,Bronx,40.82095,-73.89522,2022
Wakefield,Bronx,40.89308,-73.85076,2016
Westchester Square,Bronx,40.83619,-73.84916,2006
Fieldston,Bronx,40.896,-73.89964,2011
Schuylerville,Bronx,40.84321,-73.83129,2010
Longwood,Bronx,40.82236,-73.90227,2017
Clason Point,Bronx,40.80924,-73.85107,2012
Belmont,Bronx,40.85505,-73.89238,2020
Mott Haven,Bronx,40.81496,-73.92088,2007
Parkchester,Bronx,40.83485,-73.85954,2021
Wakefield,Bronx,40.88999,-73.86008,2016
Westchester Square,Bronx,40.84077,-73.8487,2014
Williamsbridge,Bronx,40.87498,-73.85644,2022
City Island,Bronx,40.83988,-73.78287,2011
Baychester,Bronx,40.8694,-73.84171,2014
Claremont Village,Bronx,40.84355,-73.91103,2006
Fordham,Bronx,40.85912,-73.89254,2020
Schuylerville,Bronx,40.83757,-73.8353,2018
Schuylerville,Bronx,40.83647,-73.83491,2019
Schuylerville,Bronx,40.8356,-73.83369,2011
Williamsbridge,Bronx,40.88542,-73.86169,2018
Woodlawn,Bronx,40.89981,-73.86684,2020
Wakefield,Bronx,40.89393,-73.8581,2003
Wakefield,Bronx,40.89604,-73.85877,2021
Mott Haven,Bronx,40.81058,-73.9069,2011
Mott Haven,Bronx,40.80981,-73.92031,2015
Morrisania,Bronx,40.82398,-73.90894,2003
Morrisania,Bronx,40.82575,-73.90993,2013
Concourse,Bronx,40.82913,-73.92236,2008
Unionport,Bronx,40.82661,-73.8571,2021
Port Morris,Bronx,40.80643,-73.92783,2010
Unionport,Bronx,40.8267,-73.85704,2020
Hunts Point,Bronx,40.81731,-73.89052,2003
Hunts Point,Bronx,40.81724,-73.88878,2011
Fordham,Bronx,40.8637,-73.89236,2011
Kingsbridge,Bronx,40.88298,-73.8987,2022
Morris Heights,Bronx,40.84615,-73.91546,2022
Mount Hope,Bronx,40.8477,-73.90988,2019
Woodlawn,Bronx,40.89768,-73.87363,2007
Soundview,Bronx,40.8265,-73.87045,2013
Pelham Bay,Bronx,40.84342,-73.83929,2010
Wakefield,Bronx,40.90484,-73.84489,2016
Mount Hope,Bronx,40.84672,-73.90411,2021
Wakefield,Bronx,40.89637,-73.8555,2012
Kingsbridge,Bronx,40.8704,-73.90559,2010
Norwood,Bronx,40.87275,-73.87978,2004
Concourse Village,Bronx,40.83251,-73.91217,2018
Clason Point,Bronx,40.80771,-73.85204,2015
Allerton,Bronx,40.86003,-73.86584,2011
Fordham,Bronx,40.85394,-73.89641,2011
Pelham Gardens,Bronx,40.86304,-73.84559,2012
Port Morris,Bronx,40.8027,-73.91563,2019
Tremont,Bronx,40.84581,-73.8889,2014
Longwood,Bronx,40.8279,-73.90516,2012
Parkchester,Bronx,40.83758,-73.85804,2006
Bronxdale,Bronx,40.85464,-73.8672,2013
Port Morris,Bronx,40.80074,-73.91574,2022
Wakefield,Bronx,40.88491,-73.85484,2004
Kingsbridge,Bronx,40.86313,-73.90183,2016
Fordham,Bronx,40.86255,-73.90059,2015
Allerton,Bronx,40.87268,-73.85424,2012
Wakefield,Bronx,40.89613,-73.85503,2022
Clason Point,Bronx,40.80626,-73.85122,2009
Fordham,Bronx,40.86615,-73.88828,2006
Parkchester,Bronx,40.83938,-73.85708,2020
Norwood,Bronx,40.87414,-73.88342,2007
Williamsbridge,Bronx,40.88171,-73.85384,2018
Longwood,Bronx,40.82639,-73.90517,2020
Soundview,Bronx,40.82864,-73.87609,2015
Fordham,Bronx,40.8667,-73.89115,2008
Pelham Gardens,Bronx,40.86674,-73.8428,2017
Port Morris,Bronx,40.80143,-73.91353,2005
Port Morris,Bronx,40.80273,-73.91519,2016
Williamsbridge,Bronx,40.87724,-73.85047,2014
Throgs Neck,Bronx,40.82807,-73.82418,2014
Woodlawn,Bronx,40.90406,-73.86286,2015
Parkchester,Bronx,40.83516,-73.86024,2013
Kingsbridge,Bronx,40.86925,-73.89974,2016
Schuylerville,Bronx,40.83715,-73.83489,2006
Clason Point,Bronx,40.81338,-73.85821,2015
City Island,Bronx,40.83959,-73.78587,2015
Parkchester,Bronx,40.83754,-73.85764,2015
Edenwald,Bronx,40.89039,-73.83186,2018
Morrisania,Bronx,40.82565,-73.91095,2005
Belmont,Bronx,40.85398,-73.88737,2017
Parkchester,Bronx,40.8353,-73.85751,2014
Fordham,Bronx,40.8716,-73.89177,2004
Mott Haven,Bronx,40.81865,-73.93014,2010
Parkchester,Bronx,40.83908,-73.86042,2017
Concourse,Bronx,40.83197,-73.9212,2022
Williamsbridge,Bronx,40.87699,-73.85366,2004
Belmont,Bronx,40.85595,-73.88519,2014
Pelham Gardens,Bronx,40.86209,-73.84667,2011
Longwood,Bronx,40.81835,-73.91465,2014
Longwood,Bronx,40.82654,-73.90516,2020
Highbridge,Bronx,40.83149,-73.92766,2021
Mott Haven,Bronx,40.81305,-73.91655,2010
Mott Haven,Bronx,40.81245,-73.91648,2006
Mott Haven,Bronx,40.81132,-73.91715,2013
Morris Heights,Bronx,40.84752,-73.92293,2013
Hunts Point,Bronx,40.81415,-73.88671,2010
Hunts Point,Bronx,40.81258,-73.88566,2003
Belmont,Bronx,40.85648,-73.88501,2011
Hunts Point,Bronx,40.81892,-73.8859,2022
Parkchester,Bronx,40.83792,-73.85526,2010
City Island,Bronx,40.8439,-73.78792,2018
Wakefield,Bronx,40.89338,-73.84785,2022
Port Morris,Bronx,40.80816,-73.93176,2003
Wakefield,Bronx,40.88649,-73.85889,2003
Port Morris,Bronx,40.80856,-73.93055,2021
Fordham,Bronx,40.86003,-73.89314,2016
Longwood,Bronx,40.82756,-73.8871,2010
Parkchester,Bronx,40.83588,-73.85819,2006
Fordham,Bronx,40.86952,-73.89447,2016
Soundview,Bronx,40.82776,-73.87643,2019
Highbridge,Bronx,40.83176,-73.9298,2022
Longwood,Bronx,40.81963,-73.90956,2016
Claremont Village,Bronx,40.84353,-73.91108,2012
Bronxdale,Bronx,40.85374,-73.86416,2005
Claremont Village,Bronx,40.83513,-73.91093,2010
Throgs Neck,Bronx,40.83123,-73.82784,2013
Throgs Neck,Bronx,40.83144,-73.82791,2004
Longwood,Bronx,40.82285,-73.90198,2019
Parkchester,Bronx,40.83717,-73.85738,2016
Williamsbridge,Bronx,40.87874,-73.84746,2004
Port Morris,Bronx,40.80852,-73.9306,2015
Port Morris,Bronx,40.80869,-73.9317,2012
Port Morris,Bronx,40.80996,-73.93172,2022
Port Morris,Bronx,40.80838,-73.93091,2014
Fordham,Bronx,40.85368,-73.90172,2018
Riverdale,Bronx,40.88523,-73.91231,2003
Mott Haven,Bronx,40.80689,-73.91437,2011
East Morrisania,Bronx,40.82831,-73.88746,2016
University Heights,Bronx,40.85689,-73.9091,2004
Longwood,Bronx,40.81795,-73.91178,2018
Port Morris,Bronx,40.80868,-73.93015,2008
Port Morris,Bronx,40.80858,-73.93164,2008
Throgs Neck,Bronx,40.828,-73.81275,2020
Pelham Bay,Bronx,40.85251,-73.83254,2013
Morrisania,Bronx,40.82504,-73.90918,2004
Unionport,Bronx,40.82936,-73.84854,2008
Port Morris,Bronx,40.80464,-73.92575,2013
Westchester Square,Bronx,40.83616,-73.84638,2011
Belmont,Bronx,40.85413,-73.88387,2014
Wakefield,Bronx,40.88798,-73.86474,2004
Allerton,Bronx,40.86997,-73.84867,2021
Allerton,Bronx,40.86958,-73.84872,2004
Allerton,Bronx,40.8688,-73.84726,2012
Norwood,Bronx,40.8718,-73.87699,2009
Concourse,Bronx,40.83207,-73.92068,2016
Melrose,Bronx,40.82374,-73.91555,2012
Belmont,Bronx,40.85539,-73.88769,2013
Throgs Neck,Bronx,40.81869,-73.82233,2006
Wakefield,Bronx,40.89323,-73.85215,2014
Fordham,Bronx,40.85743,-73.90233,2022
Claremont Village,Bronx,40.83894,-73.91158,2003
Fieldston,Bronx,40.89701,-73.89778,2016
Morrisania,Bronx,40.82888,-73.9045,2006
Port Morris,Bronx,40.80828,-73.9319,2020
Claremont Village,Bronx,40.83466,-73.90278,2006
Port Morris,Bronx,40.80844,-73.9316,2004
Concourse,Bronx,40.82788,-73.92604,2018
Williamsbridge,Bronx,40.87846,-73.86311,2004
Claremont Village,Bronx,40.84268,-73.91007,2016
Parkchester,Bronx,40.83898,-73.86492,2019
Allerton,Bronx,40.86871,-73.8474,2015
Wakefield,Bronx,40.89147,-73.84747,2011
Concourse Village,Bronx,40.82778,-73.91516,2020
Mott Haven,Bronx,40.81203,-73.90779,2012
Mount Hope,Bronx,40.84607,-73.9071,2011
Norwood,Bronx,40.87066,-73.88227,2008
Kingsbridge,Bronx,40.86493,-73.90315,2003
Pelham Gardens,Bronx,40.86093,-73.85185,2011
Fordham,Bronx,40.8703,-73.89313,2006
Fordham,Bronx,40.86066,-73.89883,2012
Wakefield,Bronx,40.9026,-73.84806,2006
Fordham,Bronx,40.86963,-73.89465,2009
Fordham,Bronx,40.87085,-73.89318,2012
Fordham,Bronx,40.86947,-73.89389,2021
Fordham,Bronx,40.87066,-73.89317,2008
Van Nest,Bronx,40.8455,-73.86217,2014
Riverdale,Bronx,40.88452,-73.91065,2004
Kingsbridge,Bronx,40.87256,-73.89978,2014
Longwood,Bronx,40.82794,-73.90412,2003
Williamsbridge,Bronx,40.88125,-73.84922,2010
Kingsbridge,Bronx,40.88531,-73.90008,2007
Claremont Village,Bronx,40.84308,-73.90652,2007
Bronxdale,Bronx,40.856,-73.86705,2018
Concourse,Bronx,40.8315,-73.92277,2008
Morris Heights,Bronx,40.84631,-73.91641,2009
Melrose,Bronx,40.82231,-73.91696,2008
Kingsbridge,Bronx,40.87277,-73.90268,2020
Kingsbridge,Bronx,40.86429,-73.90204,2007
Port Morris,Bronx,40.80807,-73.92811,2009
Hunts Point,Bronx,40.81879,-73.88646,2006
Concourse Village,Bronx,40.82759,-73.92081,2021
Throgs Neck,Bronx,40.82754,-73.82124,2021
Claremont Village,Bronx,40.84346,-73.90554,2013
Highbridge,Bronx,40.83351,-73.93033,2007
Fordham,Bronx,40.86269,-73.89073,2007
Highbridge,Bronx,40.83163,-73.93077,2010
Kingsbridge,Bronx,40.88587,-73.89865,2022
Williamsbridge,Bronx,40.87852,-73.85003,2013
Williamsbridge,Bronx,40.87877,-73.85044,2020
Port Morris,Bronx,40.80855,-73.92948,2003
Wakefield,Bronx,40.89198,-73.84779,2003
Port Morris,Bronx,40.80146,-73.91673,2005
Fordham,Bronx,40.86249,-73.89234,2013
Fordham,Bronx,40.86427,-73.89215,2003
Fordham,Bronx,40.86294,-73.89242,2011
Concourse Village,Bronx,40.82964,-73.91833,2007
Port Morris,Bronx,40.80087,-73.91635,2008
Longwood,Bronx,40.82519,-73.90101,2005
North Riverdale,Bronx,40.91234,-73.89417,2019
Pelham Gardens,Bronx,40.86143,-73.84556,2010
Longwood,Bronx,40.82101,-73.90919,2021
Allerton,Bronx,40.86886,-73.84915,2005
Westchester Square,Bronx,40.83671,-73.84677,2019
Melrose,Bronx,40.82093,-73.91279,2010
North Riverdale,Bronx,40.91306,-73.89389,2012
North Riverdale,Bronx,40.91167,-73.89566,2017
Bronxdale,Bronx,40.85247,-73.86418,2009
Pelham Gardens,Bronx,40.86143,-73.84573,2006
Claremont Village,Bronx,40.84218,-73.90969,2003
Claremont Village,Bronx,40.84037,-73.8998,2005
Parkchester,Bronx,40.8349,-73.85259,2004
North Riverdale,Bronx,40.90527,-73.89707,2019
Pelham Bay,Bronx,40.85234,-73.82969,2010
Kingsbridge,Bronx,40.87997,-73.90135,2019
City Island,Bronx,40.84443,-73.78497,2004
City Island,Bronx,40.84295,-73.78433,2003
Olinville,Bronx,40.88116,-73.86547,2003
Longwood,Bronx,40.81629,-73.90945,2019
Port Morris,Bronx,40.80626,-73.92815,2017
Fordham,Bronx,40.86355,-73.89234,2004
Fordham,Bronx,40.86265,-73.89263,2013
Fordham,Bronx,40.86264,-73.89139,2006
Fordham,Bronx,40.86263,-73.89088,2009
Clason Point,Bronx,40.80655,-73.85093,2020
Castle Hill,Bronx,40.81727,-73.84588,2011
Castle Hill,Bronx,40.81572,-73.84592,2008
Castle Hill,Bronx,40.81539,-73.84669,2012
Castle Hill,Bronx,40.81709,-73.84811,2016
Claremont Village,Bronx,40.83926,-73.91173,2011
Morrisania,Bronx,40.83146,-73.89666,2017
Mott Haven,Bronx,40.80787,-73.924,2018
Kingsbridge,Bronx,40.87997,-73.90135,2003
City Island,Bronx,40.84443,-73.78497,2016
City Island,Bronx,40.84295,-73.78433,2010
Olinville,Bronx,40.88116,-73.86547,2022
Longwood,Bronx,40.81629,-73.90945,2021
Port Morris,Bronx,40.80626,-73.92815,2013
Fordham,Bronx,40.86355,-73.89234,2021
Fordham,Bronx,40.86265,-73.89263,2004
Fordham,Bronx,40.86264,-73.89139,2019
Fordham,Bronx,40.86263,-73.89088,2020
Clason Point,Bronx,40.80655,-73.85093,2003
Castle Hill,Bronx,40.81727,-73.84588,2004
Castle Hill,Bronx,40.81572,-73.84592,2009
Castle Hill,Bronx,40.81539,-73.84669,2003
Castle Hill,Bronx,40.81709,-73.84811,2021
Claremont Village,Bronx,40.83926,-73.91173,2014
Morrisania,Bronx,40.83146,-73.89666,2019
Mott Haven,Bronx,40.80787,-73.924,2011
Concourse,Bronx,40.83206,-73.92134,2016
Concourse,Bronx,40.83056,-73.92105,2021
Allerton,Bronx,40.8609,-73.85385,2008
Parkchester,Bronx,40.83996,-73.85937,2008
Concourse,Bronx,40.82594,-73.92364,2007
Kingsbridge,Bronx,40.86452,-73.90408,2017
Belmont,Bronx,40.85428674,-73.89038542,2016
Mount Eden,Bronx,40.84227723,-73.91543341,2004
Morris Park,Bronx,40.85046,-73.86112,2022
Williamsbridge,Bronx,40.88204,-73.86318,2016
Williamsbridge,Bronx,40.87939,-73.86318,2011
Pelham Gardens,Bronx,40.86241,-73.85131,2014
Baychester,Bronx,40.87185,-73.84109,2011
Parkchester,Bronx,40.83836,-73.85775,2009
Baychester,Bronx,40.873,-73.84305,2006
Melrose,Bronx,40.82339,-73.91425,2009
Baychester,Bronx,40.87232,-73.84146,2019
Parkchester,Bronx,40.83674,-73.85827,2015
Wakefield,Bronx,40.89657,-73.85133,2016
Castle Hill,Bronx,40.82092,-73.85138,2013
Concourse,Bronx,40.82607,-73.92744,2019
Morris Park,Bronx,40.85222,-73.85859,2019
Highbridge,Bronx,40.82994,-73.93049,2013
Clason Point,Bronx,40.81189,-73.85516,2004
Highbridge,Bronx,40.84163,-73.92639,2005
Morrisania,Bronx,40.83221,-73.90007,2005
Mott Haven,Bronx,40.81138,-73.91767,2006
Melrose,Bronx,40.82156,-73.92039,2007
Allerton,Bronx,40.86835,-73.86271,2020
Wakefield,Bronx,40.898,-73.85777,2004
Mott Haven,Bronx,40.8109658,-73.9246923,2009
Mount Hope,Bronx,40.85229,-73.90771,2005
University Heights,Bronx,40.85477,-73.91597,2016
Mott Haven,Bronx,40.80991,-73.91957,2022
Concourse,Bronx,40.82123,-73.92862,2018
Fordham,Bronx,40.85604,-73.90403,2017
Fordham,Bronx,40.85651,-73.90443,2016
Wakefield,Bronx,40.90436,-73.84992,2009
Allerton,Bronx,40.86729,-73.85113,2015
Van Nest,Bronx,40.84484,-73.86203,2020
Throgs Neck,Bronx,40.81917,-73.81462,2022
Williamsbridge,Bronx,40.87638,-73.86162,2007
Kingsbridge,Bronx,40.86991,-73.90622,2018
Williamsbridge,Bronx,40.88014,-73.86368,2019
East Morrisania,Bronx,40.83141,-73.88597,2019
Williamsbridge,Bronx,40.87797,-73.84941,2021
Mott Haven,Bronx,40.80947073,-73.92698439,2004
Edenwald,Bronx,40.88854842,-73.84011113,2018
Wakefield,Bronx,40.88798837,-73.85967889,2014
Allerton,Bronx,40.86768,-73.8605,2011
Mount Hope,Bronx,40.84706,-73.90526,2003
Westchester Square,Bronx,40.83678,-73.8452,2016
Pelham Gardens,Bronx,40.86673,-73.84074,2020
Pelham Gardens,Bronx,40.8615,-73.83775,2021
Belmont,Bronx,40.85431,-73.88679,2013
Mott Haven,Bronx,40.81136,-73.92892,2009
Allerton,Bronx,40.87005,-73.84729,2004
Pelham Gardens,Bronx,40.86814,-73.8449,2008
Port Morris,Bronx,40.80242,-73.91383,2005
Parkchester,Bronx,40.83706,-73.8582,2014
Throgs Neck,Bronx,40.82005,-73.81651,2004
Allerton,Bronx,40.86263,-73.86518,2018
Wakefield,Bronx,40.88986,-73.85775,2014
Parkchester,Bronx,40.83549,-73.86306,2008
Morris Heights,Bronx,40.85504,-73.91738,2017
Belmont,Bronx,40.85402,-73.88209,2014
Longwood,Bronx,40.82425,-73.89668,2012
Williamsbridge,Bronx,40.88526,-73.8607,2006
Mount Hope,Bronx,40.84772,-73.90845,2017
Throgs Neck,Bronx,40.82775,-73.82379,2013
Baychester,Bronx,40.87011,-73.83514,2013
Eastchester,Bronx,40.87697,-73.83578,2021
University Heights,Bronx,40.85734,-73.90805,2007
Williamsbridge,Bronx,40.87807,-73.84993,2004
Mount Hope,Bronx,40.84683,-73.90759,2003
Throgs Neck,Bronx,40.81144307,-73.80412249,2013
Parkchester,Bronx,40.84007592,-73.85916889,2006
Wakefield,Bronx,40.88944,-73.85987,2018
Fieldston,Bronx,40.89338,-73.89789,2017
Edenwald,Bronx,40.88143,-73.84297,2016
Clason Point,Bronx,40.81257,-73.85371,2016
Riverdale,Bronx,40.89588,-73.90879,2010
Kingsbridge,Bronx,40.87249,-73.90027,2006
Williamsbridge,Bronx,40.87669,-73.85491,2021
Parkchester,Bronx,40.83775,-73.86856,2009
Parkchester,Bronx,40.83825,-73.86896,2021
Allerton,Bronx,40.86590536,-73.85395854,2003
Kingsbridge,Bronx,40.87069,-73.90113,2011
Wakefield,Bronx,40.89429,-73.85867,2012
Wakefield,Bronx,40.90505,-73.84651,2012
Kingsbridge,Bronx,40.88395,-73.89777,2003
Wakefield,Bronx,40.90339,-73.85035,2019
Olinville,Bronx,40.87695,-73.86738,2016
Concourse,Bronx,40.81965,-73.92911,2016
Baychester,Bronx,40.87452,-73.84338,2010
Morris Heights,Bronx,40.85287,-73.91624,2017
Port Morris,Bronx,40.80625,-73.92289,2008
Claremont Village,Bronx,40.83803,-73.90425,2016
Van Nest,Bronx,40.8468,-73.86538,2006
Van Nest,Bronx,40.845997,-73.865166,2007
City Island,Bronx,40.84791,-73.78833,2021
Van Nest,Bronx,40.84317,-73.86575,2012
Parkchester,Bronx,40.83789,-73.86863,2015
Wakefield,Bronx,40.889088,-73.858711,2013
Throgs Neck,Bronx,40.83013,-73.81743,2007
Unionport,Bronx,40.82763,-73.85174,2019
Riverdale,Bronx,40.88654,-73.90791,2007
Fordham,Bronx,40.85923,-73.89362,2006
Westchester Square,Bronx,40.84435,-73.8455,2016
Morris Heights,Bronx,40.84816,-73.91879,2017
Mott Haven,Bronx,40.80949574,-73.92921749,2017
Claremont Village,Bronx,40.84458155,-73.9071517,2017
Mount Hope,Bronx,40.84815,-73.90448,2020
Pelham Bay,Bronx,40.84563,-73.82832,2016
Allerton,Bronx,40.86162,-73.86418,2017
Schuylerville,Bronx,40.84143,-73.82566,2021
Port Morris,Bronx,40.80115,-73.91567,2010
Morrisania,Bronx,40.83104,-73.89533,2004
City Island,Bronx,40.85726,-73.78951,2009
Port Morris,Bronx,40.80413,-73.9226,2013
Pelham Bay,Bronx,40.84905,-73.83089,2020
Kingsbridge,Bronx,40.87882,-73.89983,2004
Wakefield,Bronx,40.88631,-73.85881,2008
Tremont,Bronx,40.83972,-73.88726,2018
Baychester,Bronx,40.87166,-73.8469,2018
Port Morris,Bronx,40.80671,-73.92813,2013
Mount Hope,Bronx,40.84768,-73.90531,2021
Allerton,Bronx,40.86762,-73.85688,2019
Mott Haven,Bronx,40.81015,-73.92025,2020
Pelham Gardens,Bronx,40.8605,-73.83927,2005
Wakefield,Bronx,40.89681,-73.85808,2006
Wakefield,Bronx,40.89552,-73.85681,2015
Morrisania,Bronx,40.83109,-73.89519,2015
Baychester,Bronx,40.87683,-73.84297,2006
Pelham Bay,Bronx,40.84571,-73.83198,2004
Concourse,Bronx,40.83308,-73.92316,2011
Morris Heights,Bronx,40.85276,-73.91344,2003
Parkchester,Bronx,40.83949,-73.86682,2013
Norwood,Bronx,40.87572,-73.8796,2003
Highbridge,Bronx,40.84184,-73.92833,2017
Mott Haven,Bronx,40.81164,-73.91885,2011
Schuylerville,Bronx,40.83192,-73.83327,2013
Pelham Gardens,Bronx,40.86677,-73.84056,2011
West Farms,Bronx,40.8424,-73.88425,2003
Mount Hope,Bronx,40.84829,-73.90444,2010
Mount Hope,Bronx,40.84789,-73.90886,2004
Longwood,Bronx,40.81567,-73.91069,2011
Edenwald,Bronx,40.89268,-73.83935,2005
Mott Haven,Bronx,40.81177,-73.91938,2011
Mott Haven,Bronx,40.81178,-73.91891,2009
Clason Point,Bronx,40.81567,-73.86334,2013
Mott Haven,Bronx,40.80768,-73.9124,2005
Schuylerville,Bronx,40.83029,-73.83405,2004
Schuylerville,Bronx,40.83244,-73.83363,2015
Wakefield,Bronx,40.89661,-73.85693,2009
Melrose,Bronx,40.82274,-73.91353,2013
Parkchester,Bronx,40.83663,-73.86217,2014
Eastchester,Bronx,40.88752,-73.81806,2015
Parkchester,Bronx,40.83991,-73.86712,2008
University Heights,Bronx,40.86212,-73.90177,2004
Mott Haven,Bronx,40.81146,-73.91923,2016
University Heights,Bronx,40.85981,-73.9063,2016
Parkchester,Bronx,40.83825,-73.85661,2007
Kingsbridge,Bronx,40.87371,-73.90154,2022
Co-op City,Bronx,40.86337,-73.82378,2021
Tremont,Bronx,40.83869,-73.89074,2004
University Heights,Bronx,40.86069,-73.90523,2005
Allerton,Bronx,40.86392,-73.85427,2019
Hunts Point,Bronx,40.818016,-73.88813,2020
Mott Haven,Bronx,40.8112,-73.92121,2006
Edenwald,Bronx,40.88862,-73.84386,2017
Mott Haven,Bronx,40.81059,-73.91966,2009
Mott Haven,Bronx,40.8127,-73.90988,2012
Melrose,Bronx,40.82257,-73.91594,2022
Mott Haven,Bronx,40.80872,-73.92185,2012
Concourse,Bronx,40.82087,-73.92718,2005
Clason Point,Bronx,40.813202,-73.860687,2014
East Morrisania,Bronx,40.83555,-73.88589,2006
Throgs Neck,Bronx,40.83026,-73.8238,2012
Van Nest,Bronx,40.8429,-73.8638,2020
Mott Haven,Bronx,40.80964,-73.92174,2013
Soundview,Bronx,40.82639,-73.87021,2022
Wakefield,Bronx,40.90641,-73.86086,2018
Allerton,Bronx,40.87081,-73.84735,2003
Clason Point,Bronx,40.81065,-73.85338,2022
Concourse Village,Bronx,40.83087,-73.92029,2005
Port Morris,Bronx,40.80885,-73.93093,2008
Wakefield,Bronx,40.90601,-73.84061,2014
Parkchester,Bronx,40.83756,-73.86904,2005
Pelham Bay,Bronx,40.8447,-73.82801,2022
Unionport,Bronx,40.82763,-73.84641,2021
North Riverdale,Bronx,40.9092,-73.89264,2020
Longwood,Bronx,40.81423,-73.89921,2004
Schuylerville,Bronx,40.8407,-73.83328,2004
Schuylerville,Bronx,40.83228,-73.834,2015
Wakefield,Bronx,40.89748,-73.85497,2009
Allerton,Bronx,40.8693,-73.85644,2004
Pelham Gardens,Bronx,40.86347,-73.84128,2015
Schuylerville,Bronx,40.83345,-73.82839,2012
Van Nest,Bronx,40.84515,-73.86415,2003
Parkchester,Bronx,40.83825,-73.85484,2011
Mount Hope,Bronx,40.84572,-73.90382,2017
Schuylerville,Bronx,40.8395,-73.83315,2011
Port Morris,Bronx,40.81015,-73.93228,2019
Concourse,Bronx,40.83046,-73.92352,2017
Allerton,Bronx,40.85921,-73.86986,2005
Allerton,Bronx,40.85997,-73.86356,2012
Schuylerville,Bronx,40.83606,-73.83504,2006
Unionport,Bronx,40.82779,-73.84877,2011
Throgs Neck,Bronx,40.81567,-73.82138,2022
Mott Haven,Bronx,40.81243,-73.93241,2021
Williamsbridge,Bronx,40.88366,-73.86164,2004
Longwood,Bronx,40.81417,-73.90049,2006
Port Morris,Bronx,40.8083,-73.9315,2022
Kingsbridge,Bronx,40.87725,-73.89922,2013
Schuylerville,Bronx,40.83705,-73.83509,2010
Port Morris,Bronx,40.80421,-73.92249,2008
Kingsbridge,Bronx,40.88377,-73.90352,2003
Port Morris,Bronx,40.80537,-73.92174,2018
Wakefield,Bronx,40.88832,-73.86067,2014
Mott Haven,Bronx,40.81405,-73.91441,2020
Soundview,Bronx,40.8301,-73.86852,2022
Mount Hope,Bronx,40.84832,-73.90383,2022
Pelham Gardens,Bronx,40.86118204,-73.84578683,2022
Morris Park,Bronx,40.84913,-73.85591,2006
Longwood,Bronx,40.8249,-73.90695,2016
Wakefield,Bronx,40.89817,-73.85157,2013
Concourse,Bronx,40.82185,-73.92841,2016
Schuylerville,Bronx,40.83603,-73.83328,2011
Port Morris,Bronx,40.80912,-73.93095,2011
North Riverdale,Bronx,40.91685,-73.90136,2020
Mott Haven,Bronx,40.8098,-73.92101,2018
Mott Haven,Bronx,40.81158,-73.92123,2010
Allerton,Bronx,40.85796,-73.87134,2016
Woodlawn,Bronx,40.89866,-73.8627,2004
Baychester,Bronx,40.87548,-73.8441,2014
Throgs Neck,Bronx,40.82729,-73.82451,2005
Mount Hope,Bronx,40.84524,-73.90798,2015
City Island,Bronx,40.85658,-73.79095,2020
East Morrisania,Bronx,40.83509,-73.88591,2017
Parkchester,Bronx,40.82931,-73.87684,2005
Morris Heights,Bronx,40.8531,-73.91942,2022
Port Morris,Bronx,40.80911,-73.9296,2018
Wakefield,Bronx,40.90754,-73.84588,2020
Pelham Bay,Bronx,40.8524,-73.83435,2022
Port Morris,Bronx,40.80097,-73.91421,2012
Clason Point,Bronx,40.81002,-73.85127,2008
Parkchester,Bronx,40.83933,-73.86905,2005
Longwood,Bronx,40.81427,-73.89873,2019
Morrisania,Bronx,40.83107,-73.90126,2010
Wakefield,Bronx,40.9116,-73.84917,2003
Concourse Village,Bronx,40.82859,-73.91754,2018
Longwood,Bronx,40.81341,-73.90544,2014
Longwood,Bronx,40.81831,-73.90816,2005
Concourse Village,Bronx,40.83041,-73.91929,2020
Mount Hope,Bronx,40.84889,-73.90293,2019
Hunts Point,Bronx,40.81418,-73.88878,2012
Kingsbridge,Bronx,40.87177,-73.89981,2013
Concourse Village,Bronx,40.82092,-73.92437,2014
Clason Point,Bronx,40.81533,-73.86377,2019
Baychester,Bronx,40.87663,-73.84412,2019
City Island,Bronx,40.8524,-73.78768,2012
Belmont,Bronx,40.85717,-73.89388,2007
Port Morris,Bronx,40.809891,-73.930595,2022
Mount Eden,Bronx,40.84094,-73.91336,2013
Port Morris,Bronx,40.80893,-73.93111,2019
Allerton,Bronx,40.86237,-73.85278,2009
Port Morris,Bronx,40.80849,-73.93189,2021
Fordham,Bronx,40.86717,-73.89304,2008
Allerton,Bronx,40.86502,-73.85496,2022
Clason Point,Bronx,40.80857,-73.85073,2009
Bronxdale,Bronx,40.85669,-73.86511,2011
Morris Park,Bronx,40.85025,-73.86089,2011
City Island,Bronx,40.84825,-73.79012,2010
Mott Haven,Bronx,40.81312,-73.92942,2015
Schuylerville,Bronx,40.83763,-73.83511,2013
Morris Park,Bronx,40.85011,-73.86246,2014
Schuylerville,Bronx,40.83577,-73.83502,2017
Fordham,Bronx,40.8603,-73.89317,2005
Wakefield,Bronx,40.89842,-73.8525,2015
Williamsbridge,Bronx,40.88002,-73.85464,2017
Fordham,Bronx,40.86795,-73.89203,2005
Williamsbridge,Bronx,40.87078,-73.86203,2020
Wakefield,Bronx,40.88626,-73.8586,2018
Van Nest,Bronx,40.84842,-73.86354,2005
Williamsbridge,Bronx,40.87176,-73.85625,2006
Spuyten Duyvil,Bronx,40.88095,-73.91701,2013
Clason Point,Bronx,40.80922,-73.85069,2004
Norwood,Bronx,40.87002,-73.88255,2009
Van Nest,Bronx,40.84518,-73.8635,2008
Clason Point,Bronx,40.81541,-73.86517,2012
Olinville,Bronx,40.88217,-73.86785,2013
Mott Haven,Bronx,40.81102,-73.93103,2019
Morrisania,Bronx,40.8274,-73.90936,2009
Fordham,Bronx,40.85359,-73.90279,2016
Port Morris,Bronx,40.80888,-73.92993,2006
Highbridge,Bronx,40.84331,-73.92713,2007
Wakefield,Bronx,40.91139,-73.84963,2003
Kingsbridge,Bronx,40.86639,-73.90151,2003
Belmont,Bronx,40.85526,-73.88866,2015
Wakefield,Bronx,40.88835,-73.85884,2005
City Island,Bronx,40.84637,-73.78857,2020
Fordham,Bronx,40.86627,-73.88665,2021
Schuylerville,Bronx,40.84306,-73.82947,2016
Schuylerville,Bronx,40.840431,-73.832382,2014
Clason Point,Bronx,40.81241,-73.85639,2015
Concourse,Bronx,40.81896,-73.92782,2014
Wakefield,Bronx,40.90396,-73.84868,2012
Morrisania,Bronx,40.83008,-73.89712,2020
Allerton,Bronx,40.86436,-73.86719,2014
Parkchester,Bronx,40.82944,-73.87555,2009
Hunts Point,Bronx,40.81256,-73.88901,2015
Norwood,Bronx,40.87094,-73.8754,2008
Mott Haven,Bronx,40.80984,-73.92992,2003
Wakefield,Bronx,40.90229,-73.84239,2020
Castle Hill,Bronx,40.81704,-73.84628,2013
Pelham Gardens,Bronx,40.8573,-73.85562,2017
Soundview,Bronx,40.82491,-73.87707,2004
Norwood,Bronx,40.87251,-73.87727,2014
Mott Haven,Bronx,40.8087,-73.91909,2022
Williamsbridge,Bronx,40.8791,-73.86345,2021
Edenwald,Bronx,40.88677,-73.83411,2006
Kingsbridge,Bronx,40.87063,-73.8983,2019
Tremont,Bronx,40.84592,-73.89141,2008
Kingsbridge,Bronx,40.88204,-73.90479,2007
North Riverdale,Bronx,40.91137,-73.89414,2020
Morris Park,Bronx,40.85322,-73.85232,2007
Concourse Village,Bronx,40.83582,-73.91451,2013
Pelham Gardens,Bronx,40.86398,-73.84999,2009
Olinville,Bronx,40.8803,-73.86509,2017
Pelham Bay,Bronx,40.84465,-73.82844,2022
Concourse,Bronx,40.83664,-73.91801,2011
Bronxdale,Bronx,40.85654,-73.86482,2016
Bronxdale,Bronx,40.85627,-73.86304,2018
Williamsbridge,Bronx,40.88151,-73.8494,2003
Morris Park,Bronx,40.84754,-73.84657,2019
Concourse,Bronx,40.81992,-73.92809,2017
Mount Eden,Bronx,40.84345,-73.91231,2015
Claremont Village,Bronx,40.84154,-73.91022,2008
Mount Hope,Bronx,40.8469,-73.90458,2019
Williamsbridge,Bronx,40.88201,-73.86332,2016
Allerton,Bronx,40.87003,-73.84683,2010
Hunts Point,Bronx,40.81398,-73.88751,2006
Norwood,Bronx,40.87031,-73.8752,2014
Hunts Point,Bronx,40.81244,-73.88938,2009
Wakefield,Bronx,40.91248,-73.84885,2017
Pelham Gardens,Bronx,40.85929,-73.85176,2010
Williamsbridge,Bronx,40.87886,-73.8449,2003
Morrisania,Bronx,40.83502,-73.89789,2015
Mott Haven,Bronx,40.8108,-73.93109,2017
Wakefield,Bronx,40.89014,-73.85801,2014
Williamsbridge,Bronx,40.88408,-73.86027,2017
Parkchester,Bronx,40.83109,-73.87529,2019
Morrisania,Bronx,40.8292,-73.9093,2010
Hunts Point,Bronx,40.81197,-73.88926,2021
Parkchester,Bronx,40.8379,-73.85578,2009
Port Morris,Bronx,40.80893,-73.93111,2013
Unionport,Bronx,40.82914,-73.85473,2020
Norwood,Bronx,40.8716,-73.88649,2003
Wakefield,Bronx,40.8899,-73.85871,2006
Hunts Point,Bronx,40.81767,-73.8899,2012
Port Morris,Bronx,40.80871,-73.92976,2017
Highbridge,Bronx,40.83171,-73.93003,2004
Mott Haven,Bronx,40.811848,-73.929665,2018
Mott Haven,Bronx,40.80589,-73.92094,2017
Olinville,Bronx,40.87953,-73.8669,2011
Port Morris,Bronx,40.8089,-73.93083,2009
Clason Point,Bronx,40.81698,-73.86489,2018
Woodlawn,Bronx,40.9002,-73.86447,2009
Wakefield,Bronx,40.89399,-73.85224,2019
Mott Haven,Bronx,40.81277,-73.92871,2008
Port Morris,Bronx,40.80912,-73.93095,2005
North Riverdale,Bronx,40.9131,-73.89518,2005
Wakefield,Bronx,40.89814,-73.84928,2022
Parkchester,Bronx,40.83806,-73.86827,2016
Longwood,Bronx,40.81463,-73.90229,2010
Fordham,Bronx,40.8559,-73.90086,2013
Pelham Bay,Bronx,40.84581,-73.84008,2018
Concourse,Bronx,40.82124,-73.92913,2012
Clason Point,Bronx,40.80862,-73.85311,2016
Bronxdale,Bronx,40.85538,-73.86593,2007
Wakefield,Bronx,40.90923,-73.84349,2005
Williamsbridge,Bronx,40.87871,-73.8648,2012
Fordham,Bronx,40.85509,-73.90307,2014
Soundview,Bronx,40.82414,-73.8596,2022
Mott Haven,Bronx,40.81281,-73.90779,2016
Claremont Village,Bronx,40.83603,-73.91152,2020
Claremont Village,Bronx,40.84279,-73.90963,2017
Hunts Point,Bronx,40.81694,-73.88732,2004
Mount Eden,Bronx,40.83774,-73.91715,2017
Mount Hope,Bronx,40.84534,-73.9042,2021
Belmont,Bronx,40.85282,-73.89397,2018
Wakefield,Bronx,40.89631,-73.85789,2003
Port Morris,Bronx,40.80858,-73.92983,2019
Wakefield,Bronx,40.89833,-73.84949,2016
Mott Haven,Bronx,40.80999,-73.91171,2012
Concourse,Bronx,40.83511,-73.92378,2015
Kingsbridge,Bronx,40.88279,-73.89765,2005
Williamsbridge,Bronx,40.87934,-73.86055,2010
Wakefield,Bronx,40.88917,-73.84927,2004
Wakefield,Bronx,40.88438,-73.85081,2017
Pelham Gardens,Bronx,40.86263,-73.85162,2020
Eastchester,Bronx,40.88976,-73.82169,2019
Concourse Village,Bronx,40.83575,-73.91527,2022
Fordham,Bronx,40.85701,-73.90321,2016
Wakefield,Bronx,40.89588,-73.84045,2012
Port Morris,Bronx,40.81039,-73.93144,2019
Port Morris,Bronx,40.81098,-73.93296,2020
Concourse Village,Bronx,40.82054,-73.92538,2019
University Heights,Bronx,40.85568,-73.9137,2014
Concourse Village,Bronx,40.81876,-73.92691,2018
Concourse,Bronx,40.83227,-73.91983,2017
Wakefield,Bronx,40.89858,-73.85896,2022
Bronxdale,Bronx,40.85306,-73.86644,2015
Eastchester,Bronx,40.88177,-73.83444,2018
Wakefield,Bronx,40.8874,-73.86499,2012
City Island,Bronx,40.83793,-73.78328,2005
Westchester Square,Bronx,40.84518,-73.84677,2006
Concourse,Bronx,40.82372,-73.92623,2017
Melrose,Bronx,40.8245,-73.91501,2004
Mott Haven,Bronx,40.81132,-73.92177,2013
Woodlawn,Bronx,40.89866,-73.875,2009
Fordham,Bronx,40.85216,-73.90152,2021
North Riverdale,Bronx,40.90884,-73.9013,2003
Concourse Village,Bronx,40.82859,-73.91957,2003
Fordham,Bronx,40.86243,-73.89373,2006
Mott Haven,Bronx,40.80991,-73.91211,2007
Concourse Village,Bronx,40.83408,-73.91123,2016
Allerton,Bronx,40.85746,-73.86339,2005
Hunts Point,Bronx,40.81394,-73.88777,2006
Baychester,Bronx,40.86919,-73.84074,2015
City Island,Bronx,40.84892,-73.78796,2012
Morris Heights,Bronx,40.8534,-73.91028,2010
Hunts Point,Bronx,40.8187,-73.88927,2022
Mott Haven,Bronx,40.80754,-73.92297,2012
Wakefield,Bronx,40.89528,-73.85598,2019
Parkchester,Bronx,40.83344,-73.86757,2010
Parkchester,Bronx,40.83399,-73.86183,2008
North Riverdale,Bronx,40.90326,-73.90709,2006
Eastchester,Bronx,40.87804,-73.83925,2016
West Farms,Bronx,40.8416,-73.88105,2021
Schuylerville,Bronx,40.8424,-73.82708,2012
Claremont Village,Bronx,40.84373,-73.90495,2022
Williamsbridge,Bronx,40.87924,-73.85831,2005
Morris Park,Bronx,40.84931,-73.85073,2019
Schuylerville,Bronx,40.83767,-73.82893,2016
Parkchester,Bronx,40.83828,-73.86018,2022
Fordham,Bronx,40.85806,-73.90126,2015
Mount Eden,Bronx,40.84212,-73.92135,2013
Highbridge,Bronx,40.83738,-73.92374,2008
Williamsbridge,Bronx,40.87663,-73.86203,2007
Bronxdale,Bronx,40.85675,-73.8693,2004
Kingsbridge,Bronx,40.86337,-73.9033,2013
Williamsbridge,Bronx,40.88039,-73.84798,2010
Hunts Point,Bronx,40.81245,-73.88756,2017
Longwood,Bronx,40.82287,-73.9026,2005
Parkchester,Bronx,40.83063,-73.87712,2016
Fordham,Bronx,40.86684,-73.88782,2012
Norwood,Bronx,40.87152,-73.87713,2006
Belmont,Bronx,40.84885,-73.88601,2011
Edenwald,Bronx,40.89485,-73.8323,2013
Wakefield,Bronx,40.89044,-73.85592,2015
Bronxdale,Bronx,40.85613,-73.8673,2018
Wakefield,Bronx,40.88332,-73.85018,2012
Tremont,Bronx,40.84557,-73.88656,2017
Kingsbridge,Bronx,40.87039,-73.89849,2016
Kingsbridge,Bronx,40.8768,-73.89802,2016
Port Morris,Bronx,40.80467,-73.92653,2022
North Riverdale,Bronx,40.90839,-73.89851,2016
Eastchester,Bronx,40.87893,-73.83413,2022
Mount Hope,Bronx,40.84678,-73.90422,2012
Kingsbridge,Bronx,40.86369,-73.90358,2005
Claremont Village,Bronx,40.83292,-73.90383,2010
Olinville,Bronx,40.8834,-73.8632,2004
Mott Haven,Bronx,40.81069,-73.91854,2014
Williamsbridge,Bronx,40.87739,-73.86328,2003
Van Nest,Bronx,40.84729,-73.86173,2012
Hunts Point,Bronx,40.81767,-73.8899,2019
Mott Haven,Bronx,40.81096,-73.90637,2005
Westchester Square,Bronx,40.84449,-73.84875,2004
Longwood,Bronx,40.81856,-73.90617,2008
Tremont,Bronx,40.84602,-73.89279,2004
Pelham Gardens,Bronx,40.86483,-73.84802,2020
Mount Eden,Bronx,40.84224,-73.92131,2022
University Heights,Bronx,40.85688,-73.9154,2016
Olinville,Bronx,40.87241,-73.86887,2018
Fieldston,Bronx,40.88867,-73.90632,2007
Concourse,Bronx,40.82923,-73.92162,2006
Highbridge,Bronx,40.83311,-73.92787,2003
Port Morris,Bronx,40.80867,-73.93159,2014
Concourse Village,Bronx,40.82752,-73.92176,2013
Morris Park,Bronx,40.84622,-73.84862,2007
Woodlawn,Bronx,40.90111,-73.86914,2013
Wakefield,Bronx,40.89613,-73.8515,2020
Norwood,Bronx,40.87858,-73.87154,2010
Highbridge,Bronx,40.83915,-73.92612,2007
Williamsbridge,Bronx,40.88103,-73.8486,2003
Hunts Point,Bronx,40.81752,-73.88919,2010
Mott Haven,Bronx,40.81149,-73.92376,2003
Edenwald,Bronx,40.89216,-73.84247,2022
Williamsbridge,Bronx,40.87749,-73.864,2022
Williamsbridge,Bronx,40.87851,-73.85034,2011
Wakefield,Bronx,40.896,-73.84153,2012
Mount Hope,Bronx,40.85071,-73.90241,2019
Longwood,Bronx,40.81661,-73.91194,2014
Norwood,Bronx,40.87226,-73.87585,2003
Fordham,Bronx,40.87038,-73.88804,2011
Williamsbridge,Bronx,40.87954,-73.85003,2016
Mount Hope,Bronx,40.84625,-73.90436,2020
Unionport,Bronx,40.82451,-73.85288,2009
Mott Haven,Bronx,40.81215,-73.93107,2010
Hunts Point,Bronx,40.81901,-73.88569,2022
Unionport,Bronx,40.82656,-73.84468,2006
Kingsbridge,Bronx,40.8787,-73.88677,2015
Melrose,Bronx,40.81838,-73.91584,2008
Eastchester,Bronx,40.881,-73.83511,2020
Edenwald,Bronx,40.89318,-73.84077,2022
Fieldston,Bronx,40.88865,-73.90612,2003
Mount Hope,Bronx,40.84698,-73.90819,2003
Melrose,Bronx,40.81794,-73.92286,2012
Wakefield,Bronx,40.8968,-73.85751,2015
Wakefield,Bronx,40.89392,-73.84427,2020
Wakefield,Bronx,40.90085,-73.84132,2007
Olinville,Bronx,40.88193,-73.86565,2021
Unionport,Bronx,40.82647,-73.84604,2012
Kingsbridge,Bronx,40.86289,-73.90421,2015
Wakefield,Bronx,40.89649,-73.85695,2003
Kingsbridge,Bronx,40.8666,-73.90061,2019
Pelham Gardens,Bronx,40.86463,-73.84064,2008
Fordham,Bronx,40.85508,-73.90143,2020
Throgs Neck,Bronx,40.82053,-73.81979,2003
Mott Haven,Bronx,40.80971,-73.92542,2015
University Heights,Bronx,40.85699,-73.91456,2009
Baychester,Bronx,40.87751,-73.84343,2014
Concourse Village,Bronx,40.83341,-73.90912,2008
Concourse,Bronx,40.82935,-73.92757,2020
Pelham Gardens,Bronx,40.86423,-73.84781,2018
Norwood,Bronx,40.86909,-73.88371,2010
Port Morris,Bronx,40.81056,-73.93134,2022
Parkchester,Bronx,40.83685,-73.859,2020
Norwood,Bronx,40.87303,-73.88001,2013
Kingsbridge,Bronx,40.87777,-73.90013,2018
Wakefield,Bronx,40.89643,-73.84959,2013
Wakefield,Bronx,40.89781,-73.85693,2015
Williamsbridge,Bronx,40.87157,-73.86017,2016
Wakefield,Bronx,40.88812,-73.86039,2018
Claremont Village,Bronx,40.84359,-73.90537,2003
Olinville,Bronx,40.87081,-73.86846,2021
Parkchester,Bronx,40.84011,-73.85652,2016
Mott Haven,Bronx,40.81092,-73.92276,2014
Pelham Bay,Bronx,40.85592,-73.82846,2005
Highbridge,Bronx,40.83468,-73.92464,2017
Morris Heights,Bronx,40.84971,-73.92299,2015
Olinville,Bronx,40.88039,-73.86753,2011
Wakefield,Bronx,40.90112,-73.83689,2018
Allerton,Bronx,40.85838,-73.87206,2009
Mott Haven,Bronx,40.81159,-73.90496,2004
Mount Hope,Bronx,40.8508,-73.90218,2004
Throgs Neck,Bronx,40.82763,-73.82102,2014
Morris Park,Bronx,40.84771,-73.84733,2009
Highbridge,Bronx,40.84106,-73.92465,2004
Concourse,Bronx,40.83106,-73.92168,2022
Claremont Village,Bronx,40.8362,-73.9117,2017
Allerton,Bronx,40.87256,-73.85139,2003
Mott Haven,Bronx,40.80836,-73.91417,2019
Williamsbridge,Bronx,40.8791,-73.86374,2012
Fordham,Bronx,40.86303,-73.89839,2012
Allerton,Bronx,40.86754,-73.85472,2015
Tremont,Bronx,40.84394,-73.88712,2018
Van Nest,Bronx,40.84226,-73.86729,2018
Bronxdale,Bronx,40.85559,-73.86235,2007
North Riverdale,Bronx,40.91062,-73.89987,2005
Longwood,Bronx,40.81982,-73.89796,2018
Longwood,Bronx,40.81992,-73.9079,2015
Hunts Point,Bronx,40.81361,-73.88933,2014
Fordham,Bronx,40.86876,-73.88612,2014
Mount Hope,Bronx,40.84511,-73.90748,2018
Morris Heights,Bronx,40.85246,-73.91615,2008
Concourse Village,Bronx,40.82992,-73.91626,2011
Mount Hope,Bronx,40.8501,-73.90125,2013
Allerton,Bronx,40.86655,-73.8521,2004
Highbridge,Bronx,40.82979,-73.92907,2009
Mott Haven,Bronx,40.80869,-73.91969,2004
Mount Hope,Bronx,40.84826,-73.91062,2010
Pelham Gardens,Bronx,40.86704,-73.84164,2006
Parkchester,Bronx,40.83815,-73.85849,2018
Wakefield,Bronx,40.88432,-73.85199,2005
Woodlawn,Bronx,40.8989,-73.86164,2019
Allerton,Bronx,40.8584,-73.8658,2019
Claremont Village,Bronx,40.84196,-73.90571,2004
Woodlawn,Bronx,40.90362,-73.863,2007
Allerton,Bronx,40.8634,-73.86801,2004
Port Morris,Bronx,40.80233,-73.91473,2004
Concourse,Bronx,40.82429,-73.9271,2007
Parkchester,Bronx,40.84136,-73.85539,2007
Morris Heights,Bronx,40.84843,-73.9119,2019
Soundview,Bronx,40.82502,-73.86046,2021
City Island,Bronx,40.83782,-73.78332,2007
Throgs Neck,Bronx,40.81634,-73.81864,2015
Clason Point,Bronx,40.8154,-73.86496,2018
University Heights,Bronx,40.86222,-73.90217,2019
Olinville,Bronx,40.88498,-73.86209,2019
Eastchester,Bronx,40.87996,-73.83626,2017
Fordham,Bronx,40.869,-73.89349,2021
Allerton,Bronx,40.86823,-73.85762,2007
Morris Park,Bronx,40.8522,-73.85009,2017
Eastchester,Bronx,40.8816,-73.83533,2017
Fordham,Bronx,40.86648,-73.8888,2004
Concourse,Bronx,40.83288,-73.92006,2003
Edenwald,Bronx,40.87941,-73.84292,2014
Baychester,Bronx,40.87041,-73.84194,2016
Olinville,Bronx,40.88066,-73.86597,2017
Co-op City,Bronx,40.8663,-73.82304,2021
Longwood,Bronx,40.81656,-73.91669,2020
Hunts Point,Bronx,40.81288,-73.88736,2014
Belmont,Bronx,40.85271,-73.89383,2006
Eastchester,Bronx,40.881,-73.83511,2006
Edenwald,Bronx,40.89077,-73.83536,2010
Fordham,Bronx,40.85841,-73.8989,2010
Throgs Neck,Bronx,40.83171,-73.82568,2009
Morris Heights,Bronx,40.85263,-73.92175,2016
Concourse,Bronx,40.83084,-73.92115,2020
Pelham Gardens,Bronx,40.86766,-73.84762,2015
Spuyten Duyvil,Bronx,40.88489,-73.91597,2015
Norwood,Bronx,40.87043,-73.87704,2010
Soundview,Bronx,40.82934,-73.86461,2020
Kingsbridge,Bronx,40.86457,-73.89998,2013
Mott Haven,Bronx,40.81125,-73.92553,2005
Morrisania,Bronx,40.83383,-73.89947,2018
City Island,Bronx,40.85343,-73.78811,2019
Morris Park,Bronx,40.85298,-73.85707,2008
Wakefield,Bronx,40.89343,-73.85852,2003
Melrose,Bronx,40.82403,-73.9157,2021
Kingsbridge,Bronx,40.8782,-73.89468,2007
Morris Park,Bronx,40.85408,-73.85034,2021
Mount Hope,Bronx,40.851,-73.90303,2003
Morris Heights,Bronx,40.8503,-73.92394,2021
Concourse,Bronx,40.83273,-73.922,2003
Williamsbridge,Bronx,40.87647,-73.86468,2019
Longwood,Bronx,40.82018,-73.90302,2015
Longwood,Bronx,40.82456,-73.88819,2021
Parkchester,Bronx,40.83702,-73.86175,2018
Kingsbridge,Bronx,40.87019,-73.90522,2011
Williamsbridge,Bronx,40.87748,-73.85336,2011
Tremont,Bronx,40.8459,-73.89161,2009
Norwood,Bronx,40.8787,-73.87111,2008
Tremont,Bronx,40.84685,-73.89016,2018
Concourse Village,Bronx,40.83349,-73.91017,2014
University Heights,Bronx,40.85596,-73.90797,2005
Mott Haven,Bronx,40.80665,-73.92316,2008
Williamsbridge,Bronx,40.87712,-73.85696,2018
Claremont Village,Bronx,40.84356,-73.90556,2004
Olinville,Bronx,40.88472,-73.86267,2019
Morrisania,Bronx,40.82792,-73.91151,2017
Concourse,Bronx,40.82299,-73.92656,2008
Kingsbridge,Bronx,40.88232,-73.90621,2010
Belmont,Bronx,40.85595,-73.88964,2007
Mott Haven,Bronx,40.80756,-73.92264,2013
North Riverdale,Bronx,40.91697,-73.90125,2007
Clason Point,Bronx,40.81167,-73.85387,2014
Mott Haven,Bronx,40.81079,-73.92121,2017
East Morrisania,Bronx,40.83508,-73.88876,2010
Concourse Village,Bronx,40.83129,-73.92021,2016
Highbridge,Bronx,40.83816,-73.92401,2018
University Heights,Bronx,40.86217,-73.90448,2012
Fordham,Bronx,40.8573,-73.90379,2006
Pelham Gardens,Bronx,40.86272,-73.84563,2022
Morris Park,Bronx,40.84622,-73.85699,2020
Tremont,Bronx,40.84902,-73.89993,2011
Hunts Point,Bronx,40.81767,-73.8899,2013
Claremont Village,Bronx,40.84217,-73.91198,2022
West Farms,Bronx,40.84385,-73.88342,2006
Claremont Village,Bronx,40.84391,-73.90523,2020
Parkchester,Bronx,40.82921,-73.88027,2010
Edenwald,Bronx,40.89111,-73.83412,2003
Norwood,Bronx,40.87553,-73.88601,2020
Fordham,Bronx,40.86864,-73.89273,2009
University Heights,Bronx,40.85615,-73.9152,2004
Wakefield,Bronx,40.89025,-73.85802,2015
Soundview,Bronx,40.82835,-73.87522,2020
Throgs Neck,Bronx,40.81819,-73.82111,2011
Fordham,Bronx,40.86091,-73.90002,2019
Concourse Village,Bronx,40.83178,-73.91817,2017
Baychester,Bronx,40.87677,-73.84553,2020
Throgs Neck,Bronx,40.82749,-73.81481,2020
Pelham Bay,Bronx,40.85496,-73.82958,2021
Bronxdale,Bronx,40.85603,-73.86517,2011
Clason Point,Bronx,40.81215,-73.85503,2010
Concourse,Bronx,40.83451,-73.91881,2008
Wakefield,Bronx,40.8961,-73.85651,2014
Throgs Neck,Bronx,40.81193,-73.8277,2019
Longwood,Bronx,40.81627,-73.90128,2020
Throgs Neck,Bronx,40.81521,-73.81993,2013
Port Morris,Bronx,40.80851,-73.93008,2014
Longwood,Bronx,40.8181,-73.89533,2018
Concourse,Bronx,40.81943,-73.92911,2008
Bronxdale,Bronx,40.85646,-73.86578,2003
Wakefield,Bronx,40.88663,-73.8547,2004
Throgs Neck,Bronx,40.81669,-73.82257,2003
Williamsbridge,Bronx,40.87885,-73.85676,2011
Concourse,Bronx,40.82053,-73.92701,2013
Claremont Village,Bronx,40.8357,-73.90998,2004
Concourse Village,Bronx,40.83053,-73.92059,2003
Melrose,Bronx,40.82048,-73.91592,2021
Concourse,Bronx,40.82573,-73.9252,2020
Longwood,Bronx,40.828,-73.90573,2020
Fordham,Bronx,40.85569,-73.90018,2006
Pelham Bay,Bronx,40.84696,-73.8277,2005
Baychester,Bronx,40.87412,-73.85098,2004
Wakefield,Bronx,40.89177,-73.84769,2006
Morris Heights,Bronx,40.85026,-73.92199,2007
Fordham,Bronx,40.86579,-73.88693,2011
Pelham Bay,Bronx,40.84509,-73.83223,2008
University Heights,Bronx,40.8566,-73.90873,2005
Pelham Gardens,Bronx,40.86105,-73.84443,2009
Throgs Neck,Bronx,40.82704,-73.81291,2010
Hunts Point,Bronx,40.81275,-73.8896,2016
Westchester Square,Bronx,40.84444,-73.84873,2007
Morrisania,Bronx,40.83038,-73.90071,2018
Kingsbridge,Bronx,40.8848,-73.9029,2009
Claremont Village,Bronx,40.84353,-73.90542,2012
Norwood,Bronx,40.87647,-73.87626,2020
Concourse Village,Bronx,40.82648,-73.91541,2007
Unionport,Bronx,40.8251,-73.84716,2012
Kingsbridge,Bronx,40.879,-73.90223,2014
Tremont,Bronx,40.84477,-73.89273,2021
Schuylerville,Bronx,40.83738,-73.83535,2018
Longwood,Bronx,40.82319,-73.90341,2022
Wakefield,Bronx,40.89638,-73.85118,2005
Kingsbridge,Bronx,40.87305,-73.8999,2015
Concourse Village,Bronx,40.82596,-73.91585,2005
Pelham Gardens,Bronx,40.86613,-73.84805,2010
Williamsbridge,Bronx,40.87443,-73.85909,2009
Wakefield,Bronx,40.89002,-73.85484,2006
Clason Point,Bronx,40.81323,-73.85321,2012
Morris Heights,Bronx,40.8461,-73.9156,2021
Wakefield,Bronx,40.90059,-73.8446,2007
Fordham,Bronx,40.86694,-73.89285,2003
Fordham,Bronx,40.85988,-73.90284,2005
East Morrisania,Bronx,40.82994,-73.89126,2004
Soundview,Bronx,40.83146,-73.86471,2020
Pelham Gardens,Bronx,40.85924,-73.8495,2007
Concourse Village,Bronx,40.83442,-73.91494,2003
Melrose,Bronx,40.81861,-73.91587,2003
Wakefield,Bronx,40.88698,-73.86049,2017
Unionport,Bronx,40.83121,-73.8483,2006
Pelham Bay,Bronx,40.84711,-73.83039,2003
Morrisania,Bronx,40.82627,-73.90803,2014
University Heights,Bronx,40.85657,-73.90915,2012
City Island,Bronx,40.84964,-73.78717,2014
Highbridge,Bronx,40.84101,-73.92626,2016
Wakefield,Bronx,40.89811,-73.85543,2015
Highbridge,Bronx,40.84184,-73.92535,2017
Highbridge,Bronx,40.84103,-73.92701,2021
Wakefield,Bronx,40.89685,-73.85382,2015
Clason Point,Bronx,40.81645,-73.86355,2022
Concourse Village,Bronx,40.83257,-73.91245,2016
University Heights,Bronx,40.85751,-73.90805,2011
Claremont Village,Bronx,40.835,-73.91114,2007
Concourse,Bronx,40.83497,-73.9189,2020
Wakefield,Bronx,40.90356,-73.84172,2009
Concourse Village,Bronx,40.82638,-73.92225,2003
Allerton,Bronx,40.86144,-73.86427,2009
Allerton,Bronx,40.86436,-73.86719,2021
Belmont,Bronx,40.85828,-73.88559,2018
Mott Haven,Bronx,40.81037,-73.91946,2021
Williamsbridge,Bronx,40.8785,-73.86347,2007
Concourse,Bronx,40.82594,-73.92364,2020
Wakefield,Bronx,40.89014,-73.85801,2004
Williamsbridge,Bronx,40.88408,-73.86027,2015
Parkchester,Bronx,40.83109,-73.87529,2021
Morrisania,Bronx,40.8292,-73.9093,2021
Hunts Point,Bronx,40.81197,-73.88926,2006
Parkchester,Bronx,40.8379,-73.85578,2008
Port Morris,Bronx,40.80893,-73.93111,2022
Unionport,Bronx,40.82914,-73.85473,2005
Wakefield,Bronx,40.8899,-73.85871,2015
Claremont Village,Bronx,40.83625,-73.91079,2004
Concourse Village,Bronx,40.83083,-73.91928,2004
Fordham,Bronx,40.86729,-73.89046,2015
Edenwald,Bronx,40.88805,-73.83248,2019
East Morrisania,Bronx,40.83285,-73.8879,2010
